#-----------------------------------------------------------
# xsim v2023.2 (64-bit)
# SW Build 4029153 on Fri Oct 13 20:14:34 MDT 2023
# IP Build 4028589 on Sat Oct 14 00:45:43 MDT 2023
# SharedData Build 4025554 on Tue Oct 10 17:18:54 MDT 2023
# Start of session at: Wed Sep  2 13:19:32 2026
# Process ID: 20432
# Current directory: C:/Users/Obada.K/project_1/project_1.sim/sim_1/behav/xsim
# Command line: xsim.exe -log cxof_sweep_simulate.log -mode tcl -source {xsim.dir/tb_ascon_cxof128_kat_sweep_behav/xsim_script.tcl}
# Log file: C:/Users/Obada.K/project_1/project_1.sim/sim_1/behav/xsim/cxof_sweep_simulate.log
# Journal file: C:/Users/Obada.K/project_1/project_1.sim/sim_1/behav/xsim\xsim.jou
# Running On: OK, OS: Windows, CPU Frequency: 3686 MHz, CPU Physical cores: 10, Host memory: 17032 MB
#-----------------------------------------------------------
source xsim.dir/tb_ascon_cxof128_kat_sweep_behav/xsim_script.tcl
# xsim {tb_ascon_cxof128_kat_sweep_behav} -autoloadwcfg -runall
Time resolution is 1 ps
run -all
PERF,count=1,z_bytes=0,msg_bytes=0,out_bits=512,start_cycle=3,done_cycle=184,cycles=181,throughput_mbps=0.000000
PERF,count=2,z_bytes=1,msg_bytes=0,out_bits=512,start_cycle=187,done_cycle=368,cycles=181,throughput_mbps=0.000000
PERF,count=3,z_bytes=2,msg_bytes=0,out_bits=512,start_cycle=371,done_cycle=552,cycles=181,throughput_mbps=0.000000
PERF,count=4,z_bytes=3,msg_bytes=0,out_bits=512,start_cycle=555,done_cycle=736,cycles=181,throughput_mbps=0.000000
PERF,count=5,z_bytes=4,msg_bytes=0,out_bits=512,start_cycle=739,done_cycle=920,cycles=181,throughput_mbps=0.000000
PERF,count=6,z_bytes=5,msg_bytes=0,out_bits=512,start_cycle=923,done_cycle=1104,cycles=181,throughput_mbps=0.000000
PERF,count=7,z_bytes=6,msg_bytes=0,out_bits=512,start_cycle=1107,done_cycle=1288,cycles=181,throughput_mbps=0.000000
PERF,count=8,z_bytes=7,msg_bytes=0,out_bits=512,start_cycle=1291,done_cycle=1472,cycles=181,throughput_mbps=0.000000
PERF,count=9,z_bytes=8,msg_bytes=0,out_bits=512,start_cycle=1475,done_cycle=1674,cycles=199,throughput_mbps=0.000000
PERF,count=10,z_bytes=9,msg_bytes=0,out_bits=512,start_cycle=1677,done_cycle=1876,cycles=199,throughput_mbps=0.000000
PERF,count=11,z_bytes=10,msg_bytes=0,out_bits=512,start_cycle=1879,done_cycle=2078,cycles=199,throughput_mbps=0.000000
PERF,count=12,z_bytes=11,msg_bytes=0,out_bits=512,start_cycle=2081,done_cycle=2280,cycles=199,throughput_mbps=0.000000
PERF,count=13,z_bytes=12,msg_bytes=0,out_bits=512,start_cycle=2283,done_cycle=2482,cycles=199,throughput_mbps=0.000000
PERF,count=14,z_bytes=13,msg_bytes=0,out_bits=512,start_cycle=2485,done_cycle=2684,cycles=199,throughput_mbps=0.000000
PERF,count=15,z_bytes=14,msg_bytes=0,out_bits=512,start_cycle=2687,done_cycle=2886,cycles=199,throughput_mbps=0.000000
PERF,count=16,z_bytes=15,msg_bytes=0,out_bits=512,start_cycle=2889,done_cycle=3088,cycles=199,throughput_mbps=0.000000
PERF,count=17,z_bytes=16,msg_bytes=0,out_bits=512,start_cycle=3091,done_cycle=3308,cycles=217,throughput_mbps=0.000000
PERF,count=18,z_bytes=17,msg_bytes=0,out_bits=512,start_cycle=3311,done_cycle=3528,cycles=217,throughput_mbps=0.000000
PERF,count=19,z_bytes=18,msg_bytes=0,out_bits=512,start_cycle=3531,done_cycle=3748,cycles=217,throughput_mbps=0.000000
PERF,count=20,z_bytes=19,msg_bytes=0,out_bits=512,start_cycle=3751,done_cycle=3968,cycles=217,throughput_mbps=0.000000
PERF,count=21,z_bytes=20,msg_bytes=0,out_bits=512,start_cycle=3971,done_cycle=4188,cycles=217,throughput_mbps=0.000000
PERF,count=22,z_bytes=21,msg_bytes=0,out_bits=512,start_cycle=4191,done_cycle=4408,cycles=217,throughput_mbps=0.000000
PERF,count=23,z_bytes=22,msg_bytes=0,out_bits=512,start_cycle=4411,done_cycle=4628,cycles=217,throughput_mbps=0.000000
PERF,count=24,z_bytes=23,msg_bytes=0,out_bits=512,start_cycle=4631,done_cycle=4848,cycles=217,throughput_mbps=0.000000
PERF,count=25,z_bytes=24,msg_bytes=0,out_bits=512,start_cycle=4851,done_cycle=5086,cycles=235,throughput_mbps=0.000000
PERF,count=26,z_bytes=25,msg_bytes=0,out_bits=512,start_cycle=5089,done_cycle=5324,cycles=235,throughput_mbps=0.000000
PERF,count=27,z_bytes=26,msg_bytes=0,out_bits=512,start_cycle=5327,done_cycle=5562,cycles=235,throughput_mbps=0.000000
PERF,count=28,z_bytes=27,msg_bytes=0,out_bits=512,start_cycle=5565,done_cycle=5800,cycles=235,throughput_mbps=0.000000
PERF,count=29,z_bytes=28,msg_bytes=0,out_bits=512,start_cycle=5803,done_cycle=6038,cycles=235,throughput_mbps=0.000000
PERF,count=30,z_bytes=29,msg_bytes=0,out_bits=512,start_cycle=6041,done_cycle=6276,cycles=235,throughput_mbps=0.000000
PERF,count=31,z_bytes=30,msg_bytes=0,out_bits=512,start_cycle=6279,done_cycle=6514,cycles=235,throughput_mbps=0.000000
PERF,count=32,z_bytes=31,msg_bytes=0,out_bits=512,start_cycle=6517,done_cycle=6752,cycles=235,throughput_mbps=0.000000
PERF,count=33,z_bytes=32,msg_bytes=0,out_bits=512,start_cycle=6755,done_cycle=7008,cycles=253,throughput_mbps=0.000000
PERF,count=34,z_bytes=0,msg_bytes=1,out_bits=512,start_cycle=7011,done_cycle=7192,cycles=181,throughput_mbps=4.419890
PERF,count=35,z_bytes=1,msg_bytes=1,out_bits=512,start_cycle=7195,done_cycle=7376,cycles=181,throughput_mbps=4.419890
PERF,count=36,z_bytes=2,msg_bytes=1,out_bits=512,start_cycle=7379,done_cycle=7560,cycles=181,throughput_mbps=4.419890
PERF,count=37,z_bytes=3,msg_bytes=1,out_bits=512,start_cycle=7563,done_cycle=7744,cycles=181,throughput_mbps=4.419890
PERF,count=38,z_bytes=4,msg_bytes=1,out_bits=512,start_cycle=7747,done_cycle=7928,cycles=181,throughput_mbps=4.419890
PERF,count=39,z_bytes=5,msg_bytes=1,out_bits=512,start_cycle=7931,done_cycle=8112,cycles=181,throughput_mbps=4.419890
PERF,count=40,z_bytes=6,msg_bytes=1,out_bits=512,start_cycle=8115,done_cycle=8296,cycles=181,throughput_mbps=4.419890
PERF,count=41,z_bytes=7,msg_bytes=1,out_bits=512,start_cycle=8299,done_cycle=8480,cycles=181,throughput_mbps=4.419890
PERF,count=42,z_bytes=8,msg_bytes=1,out_bits=512,start_cycle=8483,done_cycle=8682,cycles=199,throughput_mbps=4.020101
PERF,count=43,z_bytes=9,msg_bytes=1,out_bits=512,start_cycle=8685,done_cycle=8884,cycles=199,throughput_mbps=4.020101
PERF,count=44,z_bytes=10,msg_bytes=1,out_bits=512,start_cycle=8887,done_cycle=9086,cycles=199,throughput_mbps=4.020101
PERF,count=45,z_bytes=11,msg_bytes=1,out_bits=512,start_cycle=9089,done_cycle=9288,cycles=199,throughput_mbps=4.020101
PERF,count=46,z_bytes=12,msg_bytes=1,out_bits=512,start_cycle=9291,done_cycle=9490,cycles=199,throughput_mbps=4.020101
PERF,count=47,z_bytes=13,msg_bytes=1,out_bits=512,start_cycle=9493,done_cycle=9692,cycles=199,throughput_mbps=4.020101
PERF,count=48,z_bytes=14,msg_bytes=1,out_bits=512,start_cycle=9695,done_cycle=9894,cycles=199,throughput_mbps=4.020101
PERF,count=49,z_bytes=15,msg_bytes=1,out_bits=512,start_cycle=9897,done_cycle=10096,cycles=199,throughput_mbps=4.020101
PERF,count=50,z_bytes=16,msg_bytes=1,out_bits=512,start_cycle=10099,done_cycle=10316,cycles=217,throughput_mbps=3.686636
PERF,count=51,z_bytes=17,msg_bytes=1,out_bits=512,start_cycle=10319,done_cycle=10536,cycles=217,throughput_mbps=3.686636
PERF,count=52,z_bytes=18,msg_bytes=1,out_bits=512,start_cycle=10539,done_cycle=10756,cycles=217,throughput_mbps=3.686636
PERF,count=53,z_bytes=19,msg_bytes=1,out_bits=512,start_cycle=10759,done_cycle=10976,cycles=217,throughput_mbps=3.686636
PERF,count=54,z_bytes=20,msg_bytes=1,out_bits=512,start_cycle=10979,done_cycle=11196,cycles=217,throughput_mbps=3.686636
PERF,count=55,z_bytes=21,msg_bytes=1,out_bits=512,start_cycle=11199,done_cycle=11416,cycles=217,throughput_mbps=3.686636
PERF,count=56,z_bytes=22,msg_bytes=1,out_bits=512,start_cycle=11419,done_cycle=11636,cycles=217,throughput_mbps=3.686636
PERF,count=57,z_bytes=23,msg_bytes=1,out_bits=512,start_cycle=11639,done_cycle=11856,cycles=217,throughput_mbps=3.686636
PERF,count=58,z_bytes=24,msg_bytes=1,out_bits=512,start_cycle=11859,done_cycle=12094,cycles=235,throughput_mbps=3.404255
PERF,count=59,z_bytes=25,msg_bytes=1,out_bits=512,start_cycle=12097,done_cycle=12332,cycles=235,throughput_mbps=3.404255
PERF,count=60,z_bytes=26,msg_bytes=1,out_bits=512,start_cycle=12335,done_cycle=12570,cycles=235,throughput_mbps=3.404255
PERF,count=61,z_bytes=27,msg_bytes=1,out_bits=512,start_cycle=12573,done_cycle=12808,cycles=235,throughput_mbps=3.404255
PERF,count=62,z_bytes=28,msg_bytes=1,out_bits=512,start_cycle=12811,done_cycle=13046,cycles=235,throughput_mbps=3.404255
PERF,count=63,z_bytes=29,msg_bytes=1,out_bits=512,start_cycle=13049,done_cycle=13284,cycles=235,throughput_mbps=3.404255
PERF,count=64,z_bytes=30,msg_bytes=1,out_bits=512,start_cycle=13287,done_cycle=13522,cycles=235,throughput_mbps=3.404255
PERF,count=65,z_bytes=31,msg_bytes=1,out_bits=512,start_cycle=13525,done_cycle=13760,cycles=235,throughput_mbps=3.404255
PERF,count=66,z_bytes=32,msg_bytes=1,out_bits=512,start_cycle=13763,done_cycle=14016,cycles=253,throughput_mbps=3.162055
PERF,count=67,z_bytes=0,msg_bytes=2,out_bits=512,start_cycle=14019,done_cycle=14200,cycles=181,throughput_mbps=8.839779
PERF,count=68,z_bytes=1,msg_bytes=2,out_bits=512,start_cycle=14203,done_cycle=14384,cycles=181,throughput_mbps=8.839779
PERF,count=69,z_bytes=2,msg_bytes=2,out_bits=512,start_cycle=14387,done_cycle=14568,cycles=181,throughput_mbps=8.839779
PERF,count=70,z_bytes=3,msg_bytes=2,out_bits=512,start_cycle=14571,done_cycle=14752,cycles=181,throughput_mbps=8.839779
PERF,count=71,z_bytes=4,msg_bytes=2,out_bits=512,start_cycle=14755,done_cycle=14936,cycles=181,throughput_mbps=8.839779
PERF,count=72,z_bytes=5,msg_bytes=2,out_bits=512,start_cycle=14939,done_cycle=15120,cycles=181,throughput_mbps=8.839779
PERF,count=73,z_bytes=6,msg_bytes=2,out_bits=512,start_cycle=15123,done_cycle=15304,cycles=181,throughput_mbps=8.839779
PERF,count=74,z_bytes=7,msg_bytes=2,out_bits=512,start_cycle=15307,done_cycle=15488,cycles=181,throughput_mbps=8.839779
PERF,count=75,z_bytes=8,msg_bytes=2,out_bits=512,start_cycle=15491,done_cycle=15690,cycles=199,throughput_mbps=8.040201
PERF,count=76,z_bytes=9,msg_bytes=2,out_bits=512,start_cycle=15693,done_cycle=15892,cycles=199,throughput_mbps=8.040201
PERF,count=77,z_bytes=10,msg_bytes=2,out_bits=512,start_cycle=15895,done_cycle=16094,cycles=199,throughput_mbps=8.040201
PERF,count=78,z_bytes=11,msg_bytes=2,out_bits=512,start_cycle=16097,done_cycle=16296,cycles=199,throughput_mbps=8.040201
PERF,count=79,z_bytes=12,msg_bytes=2,out_bits=512,start_cycle=16299,done_cycle=16498,cycles=199,throughput_mbps=8.040201
PERF,count=80,z_bytes=13,msg_bytes=2,out_bits=512,start_cycle=16501,done_cycle=16700,cycles=199,throughput_mbps=8.040201
PERF,count=81,z_bytes=14,msg_bytes=2,out_bits=512,start_cycle=16703,done_cycle=16902,cycles=199,throughput_mbps=8.040201
PERF,count=82,z_bytes=15,msg_bytes=2,out_bits=512,start_cycle=16905,done_cycle=17104,cycles=199,throughput_mbps=8.040201
PERF,count=83,z_bytes=16,msg_bytes=2,out_bits=512,start_cycle=17107,done_cycle=17324,cycles=217,throughput_mbps=7.373272
PERF,count=84,z_bytes=17,msg_bytes=2,out_bits=512,start_cycle=17327,done_cycle=17544,cycles=217,throughput_mbps=7.373272
PERF,count=85,z_bytes=18,msg_bytes=2,out_bits=512,start_cycle=17547,done_cycle=17764,cycles=217,throughput_mbps=7.373272
PERF,count=86,z_bytes=19,msg_bytes=2,out_bits=512,start_cycle=17767,done_cycle=17984,cycles=217,throughput_mbps=7.373272
PERF,count=87,z_bytes=20,msg_bytes=2,out_bits=512,start_cycle=17987,done_cycle=18204,cycles=217,throughput_mbps=7.373272
PERF,count=88,z_bytes=21,msg_bytes=2,out_bits=512,start_cycle=18207,done_cycle=18424,cycles=217,throughput_mbps=7.373272
PERF,count=89,z_bytes=22,msg_bytes=2,out_bits=512,start_cycle=18427,done_cycle=18644,cycles=217,throughput_mbps=7.373272
PERF,count=90,z_bytes=23,msg_bytes=2,out_bits=512,start_cycle=18647,done_cycle=18864,cycles=217,throughput_mbps=7.373272
PERF,count=91,z_bytes=24,msg_bytes=2,out_bits=512,start_cycle=18867,done_cycle=19102,cycles=235,throughput_mbps=6.808511
PERF,count=92,z_bytes=25,msg_bytes=2,out_bits=512,start_cycle=19105,done_cycle=19340,cycles=235,throughput_mbps=6.808511
PERF,count=93,z_bytes=26,msg_bytes=2,out_bits=512,start_cycle=19343,done_cycle=19578,cycles=235,throughput_mbps=6.808511
PERF,count=94,z_bytes=27,msg_bytes=2,out_bits=512,start_cycle=19581,done_cycle=19816,cycles=235,throughput_mbps=6.808511
PERF,count=95,z_bytes=28,msg_bytes=2,out_bits=512,start_cycle=19819,done_cycle=20054,cycles=235,throughput_mbps=6.808511
PERF,count=96,z_bytes=29,msg_bytes=2,out_bits=512,start_cycle=20057,done_cycle=20292,cycles=235,throughput_mbps=6.808511
PERF,count=97,z_bytes=30,msg_bytes=2,out_bits=512,start_cycle=20295,done_cycle=20530,cycles=235,throughput_mbps=6.808511
PERF,count=98,z_bytes=31,msg_bytes=2,out_bits=512,start_cycle=20533,done_cycle=20768,cycles=235,throughput_mbps=6.808511
PERF,count=99,z_bytes=32,msg_bytes=2,out_bits=512,start_cycle=20771,done_cycle=21024,cycles=253,throughput_mbps=6.324111
PERF,count=100,z_bytes=0,msg_bytes=3,out_bits=512,start_cycle=21027,done_cycle=21208,cycles=181,throughput_mbps=13.259669
PASS through Count 100
PERF,count=101,z_bytes=1,msg_bytes=3,out_bits=512,start_cycle=21211,done_cycle=21392,cycles=181,throughput_mbps=13.259669
PERF,count=102,z_bytes=2,msg_bytes=3,out_bits=512,start_cycle=21395,done_cycle=21576,cycles=181,throughput_mbps=13.259669
PERF,count=103,z_bytes=3,msg_bytes=3,out_bits=512,start_cycle=21579,done_cycle=21760,cycles=181,throughput_mbps=13.259669
PERF,count=104,z_bytes=4,msg_bytes=3,out_bits=512,start_cycle=21763,done_cycle=21944,cycles=181,throughput_mbps=13.259669
PERF,count=105,z_bytes=5,msg_bytes=3,out_bits=512,start_cycle=21947,done_cycle=22128,cycles=181,throughput_mbps=13.259669
PERF,count=106,z_bytes=6,msg_bytes=3,out_bits=512,start_cycle=22131,done_cycle=22312,cycles=181,throughput_mbps=13.259669
PERF,count=107,z_bytes=7,msg_bytes=3,out_bits=512,start_cycle=22315,done_cycle=22496,cycles=181,throughput_mbps=13.259669
PERF,count=108,z_bytes=8,msg_bytes=3,out_bits=512,start_cycle=22499,done_cycle=22698,cycles=199,throughput_mbps=12.060302
PERF,count=109,z_bytes=9,msg_bytes=3,out_bits=512,start_cycle=22701,done_cycle=22900,cycles=199,throughput_mbps=12.060302
PERF,count=110,z_bytes=10,msg_bytes=3,out_bits=512,start_cycle=22903,done_cycle=23102,cycles=199,throughput_mbps=12.060302
PERF,count=111,z_bytes=11,msg_bytes=3,out_bits=512,start_cycle=23105,done_cycle=23304,cycles=199,throughput_mbps=12.060302
PERF,count=112,z_bytes=12,msg_bytes=3,out_bits=512,start_cycle=23307,done_cycle=23506,cycles=199,throughput_mbps=12.060302
PERF,count=113,z_bytes=13,msg_bytes=3,out_bits=512,start_cycle=23509,done_cycle=23708,cycles=199,throughput_mbps=12.060302
PERF,count=114,z_bytes=14,msg_bytes=3,out_bits=512,start_cycle=23711,done_cycle=23910,cycles=199,throughput_mbps=12.060302
PERF,count=115,z_bytes=15,msg_bytes=3,out_bits=512,start_cycle=23913,done_cycle=24112,cycles=199,throughput_mbps=12.060302
PERF,count=116,z_bytes=16,msg_bytes=3,out_bits=512,start_cycle=24115,done_cycle=24332,cycles=217,throughput_mbps=11.059908
PERF,count=117,z_bytes=17,msg_bytes=3,out_bits=512,start_cycle=24335,done_cycle=24552,cycles=217,throughput_mbps=11.059908
PERF,count=118,z_bytes=18,msg_bytes=3,out_bits=512,start_cycle=24555,done_cycle=24772,cycles=217,throughput_mbps=11.059908
PERF,count=119,z_bytes=19,msg_bytes=3,out_bits=512,start_cycle=24775,done_cycle=24992,cycles=217,throughput_mbps=11.059908
PERF,count=120,z_bytes=20,msg_bytes=3,out_bits=512,start_cycle=24995,done_cycle=25212,cycles=217,throughput_mbps=11.059908
PERF,count=121,z_bytes=21,msg_bytes=3,out_bits=512,start_cycle=25215,done_cycle=25432,cycles=217,throughput_mbps=11.059908
PERF,count=122,z_bytes=22,msg_bytes=3,out_bits=512,start_cycle=25435,done_cycle=25652,cycles=217,throughput_mbps=11.059908
PERF,count=123,z_bytes=23,msg_bytes=3,out_bits=512,start_cycle=25655,done_cycle=25872,cycles=217,throughput_mbps=11.059908
PERF,count=124,z_bytes=24,msg_bytes=3,out_bits=512,start_cycle=25875,done_cycle=26110,cycles=235,throughput_mbps=10.212766
PERF,count=125,z_bytes=25,msg_bytes=3,out_bits=512,start_cycle=26113,done_cycle=26348,cycles=235,throughput_mbps=10.212766
PERF,count=126,z_bytes=26,msg_bytes=3,out_bits=512,start_cycle=26351,done_cycle=26586,cycles=235,throughput_mbps=10.212766
PERF,count=127,z_bytes=27,msg_bytes=3,out_bits=512,start_cycle=26589,done_cycle=26824,cycles=235,throughput_mbps=10.212766
PERF,count=128,z_bytes=28,msg_bytes=3,out_bits=512,start_cycle=26827,done_cycle=27062,cycles=235,throughput_mbps=10.212766
PERF,count=129,z_bytes=29,msg_bytes=3,out_bits=512,start_cycle=27065,done_cycle=27300,cycles=235,throughput_mbps=10.212766
PERF,count=130,z_bytes=30,msg_bytes=3,out_bits=512,start_cycle=27303,done_cycle=27538,cycles=235,throughput_mbps=10.212766
PERF,count=131,z_bytes=31,msg_bytes=3,out_bits=512,start_cycle=27541,done_cycle=27776,cycles=235,throughput_mbps=10.212766
PERF,count=132,z_bytes=32,msg_bytes=3,out_bits=512,start_cycle=27779,done_cycle=28032,cycles=253,throughput_mbps=9.486166
PERF,count=133,z_bytes=0,msg_bytes=4,out_bits=512,start_cycle=28035,done_cycle=28216,cycles=181,throughput_mbps=17.679558
PERF,count=134,z_bytes=1,msg_bytes=4,out_bits=512,start_cycle=28219,done_cycle=28400,cycles=181,throughput_mbps=17.679558
PERF,count=135,z_bytes=2,msg_bytes=4,out_bits=512,start_cycle=28403,done_cycle=28584,cycles=181,throughput_mbps=17.679558
PERF,count=136,z_bytes=3,msg_bytes=4,out_bits=512,start_cycle=28587,done_cycle=28768,cycles=181,throughput_mbps=17.679558
PERF,count=137,z_bytes=4,msg_bytes=4,out_bits=512,start_cycle=28771,done_cycle=28952,cycles=181,throughput_mbps=17.679558
PERF,count=138,z_bytes=5,msg_bytes=4,out_bits=512,start_cycle=28955,done_cycle=29136,cycles=181,throughput_mbps=17.679558
PERF,count=139,z_bytes=6,msg_bytes=4,out_bits=512,start_cycle=29139,done_cycle=29320,cycles=181,throughput_mbps=17.679558
PERF,count=140,z_bytes=7,msg_bytes=4,out_bits=512,start_cycle=29323,done_cycle=29504,cycles=181,throughput_mbps=17.679558
PERF,count=141,z_bytes=8,msg_bytes=4,out_bits=512,start_cycle=29507,done_cycle=29706,cycles=199,throughput_mbps=16.080402
PERF,count=142,z_bytes=9,msg_bytes=4,out_bits=512,start_cycle=29709,done_cycle=29908,cycles=199,throughput_mbps=16.080402
PERF,count=143,z_bytes=10,msg_bytes=4,out_bits=512,start_cycle=29911,done_cycle=30110,cycles=199,throughput_mbps=16.080402
PERF,count=144,z_bytes=11,msg_bytes=4,out_bits=512,start_cycle=30113,done_cycle=30312,cycles=199,throughput_mbps=16.080402
PERF,count=145,z_bytes=12,msg_bytes=4,out_bits=512,start_cycle=30315,done_cycle=30514,cycles=199,throughput_mbps=16.080402
PERF,count=146,z_bytes=13,msg_bytes=4,out_bits=512,start_cycle=30517,done_cycle=30716,cycles=199,throughput_mbps=16.080402
PERF,count=147,z_bytes=14,msg_bytes=4,out_bits=512,start_cycle=30719,done_cycle=30918,cycles=199,throughput_mbps=16.080402
PERF,count=148,z_bytes=15,msg_bytes=4,out_bits=512,start_cycle=30921,done_cycle=31120,cycles=199,throughput_mbps=16.080402
PERF,count=149,z_bytes=16,msg_bytes=4,out_bits=512,start_cycle=31123,done_cycle=31340,cycles=217,throughput_mbps=14.746544
PERF,count=150,z_bytes=17,msg_bytes=4,out_bits=512,start_cycle=31343,done_cycle=31560,cycles=217,throughput_mbps=14.746544
PERF,count=151,z_bytes=18,msg_bytes=4,out_bits=512,start_cycle=31563,done_cycle=31780,cycles=217,throughput_mbps=14.746544
PERF,count=152,z_bytes=19,msg_bytes=4,out_bits=512,start_cycle=31783,done_cycle=32000,cycles=217,throughput_mbps=14.746544
PERF,count=153,z_bytes=20,msg_bytes=4,out_bits=512,start_cycle=32003,done_cycle=32220,cycles=217,throughput_mbps=14.746544
PERF,count=154,z_bytes=21,msg_bytes=4,out_bits=512,start_cycle=32223,done_cycle=32440,cycles=217,throughput_mbps=14.746544
PERF,count=155,z_bytes=22,msg_bytes=4,out_bits=512,start_cycle=32443,done_cycle=32660,cycles=217,throughput_mbps=14.746544
PERF,count=156,z_bytes=23,msg_bytes=4,out_bits=512,start_cycle=32663,done_cycle=32880,cycles=217,throughput_mbps=14.746544
PERF,count=157,z_bytes=24,msg_bytes=4,out_bits=512,start_cycle=32883,done_cycle=33118,cycles=235,throughput_mbps=13.617021
PERF,count=158,z_bytes=25,msg_bytes=4,out_bits=512,start_cycle=33121,done_cycle=33356,cycles=235,throughput_mbps=13.617021
PERF,count=159,z_bytes=26,msg_bytes=4,out_bits=512,start_cycle=33359,done_cycle=33594,cycles=235,throughput_mbps=13.617021
PERF,count=160,z_bytes=27,msg_bytes=4,out_bits=512,start_cycle=33597,done_cycle=33832,cycles=235,throughput_mbps=13.617021
PERF,count=161,z_bytes=28,msg_bytes=4,out_bits=512,start_cycle=33835,done_cycle=34070,cycles=235,throughput_mbps=13.617021
PERF,count=162,z_bytes=29,msg_bytes=4,out_bits=512,start_cycle=34073,done_cycle=34308,cycles=235,throughput_mbps=13.617021
PERF,count=163,z_bytes=30,msg_bytes=4,out_bits=512,start_cycle=34311,done_cycle=34546,cycles=235,throughput_mbps=13.617021
PERF,count=164,z_bytes=31,msg_bytes=4,out_bits=512,start_cycle=34549,done_cycle=34784,cycles=235,throughput_mbps=13.617021
PERF,count=165,z_bytes=32,msg_bytes=4,out_bits=512,start_cycle=34787,done_cycle=35040,cycles=253,throughput_mbps=12.648221
PERF,count=166,z_bytes=0,msg_bytes=5,out_bits=512,start_cycle=35043,done_cycle=35224,cycles=181,throughput_mbps=22.099448
PERF,count=167,z_bytes=1,msg_bytes=5,out_bits=512,start_cycle=35227,done_cycle=35408,cycles=181,throughput_mbps=22.099448
PERF,count=168,z_bytes=2,msg_bytes=5,out_bits=512,start_cycle=35411,done_cycle=35592,cycles=181,throughput_mbps=22.099448
PERF,count=169,z_bytes=3,msg_bytes=5,out_bits=512,start_cycle=35595,done_cycle=35776,cycles=181,throughput_mbps=22.099448
PERF,count=170,z_bytes=4,msg_bytes=5,out_bits=512,start_cycle=35779,done_cycle=35960,cycles=181,throughput_mbps=22.099448
PERF,count=171,z_bytes=5,msg_bytes=5,out_bits=512,start_cycle=35963,done_cycle=36144,cycles=181,throughput_mbps=22.099448
PERF,count=172,z_bytes=6,msg_bytes=5,out_bits=512,start_cycle=36147,done_cycle=36328,cycles=181,throughput_mbps=22.099448
PERF,count=173,z_bytes=7,msg_bytes=5,out_bits=512,start_cycle=36331,done_cycle=36512,cycles=181,throughput_mbps=22.099448
PERF,count=174,z_bytes=8,msg_bytes=5,out_bits=512,start_cycle=36515,done_cycle=36714,cycles=199,throughput_mbps=20.100503
PERF,count=175,z_bytes=9,msg_bytes=5,out_bits=512,start_cycle=36717,done_cycle=36916,cycles=199,throughput_mbps=20.100503
PERF,count=176,z_bytes=10,msg_bytes=5,out_bits=512,start_cycle=36919,done_cycle=37118,cycles=199,throughput_mbps=20.100503
PERF,count=177,z_bytes=11,msg_bytes=5,out_bits=512,start_cycle=37121,done_cycle=37320,cycles=199,throughput_mbps=20.100503
PERF,count=178,z_bytes=12,msg_bytes=5,out_bits=512,start_cycle=37323,done_cycle=37522,cycles=199,throughput_mbps=20.100503
PERF,count=179,z_bytes=13,msg_bytes=5,out_bits=512,start_cycle=37525,done_cycle=37724,cycles=199,throughput_mbps=20.100503
PERF,count=180,z_bytes=14,msg_bytes=5,out_bits=512,start_cycle=37727,done_cycle=37926,cycles=199,throughput_mbps=20.100503
PERF,count=181,z_bytes=15,msg_bytes=5,out_bits=512,start_cycle=37929,done_cycle=38128,cycles=199,throughput_mbps=20.100503
PERF,count=182,z_bytes=16,msg_bytes=5,out_bits=512,start_cycle=38131,done_cycle=38348,cycles=217,throughput_mbps=18.433180
PERF,count=183,z_bytes=17,msg_bytes=5,out_bits=512,start_cycle=38351,done_cycle=38568,cycles=217,throughput_mbps=18.433180
PERF,count=184,z_bytes=18,msg_bytes=5,out_bits=512,start_cycle=38571,done_cycle=38788,cycles=217,throughput_mbps=18.433180
PERF,count=185,z_bytes=19,msg_bytes=5,out_bits=512,start_cycle=38791,done_cycle=39008,cycles=217,throughput_mbps=18.433180
PERF,count=186,z_bytes=20,msg_bytes=5,out_bits=512,start_cycle=39011,done_cycle=39228,cycles=217,throughput_mbps=18.433180
PERF,count=187,z_bytes=21,msg_bytes=5,out_bits=512,start_cycle=39231,done_cycle=39448,cycles=217,throughput_mbps=18.433180
PERF,count=188,z_bytes=22,msg_bytes=5,out_bits=512,start_cycle=39451,done_cycle=39668,cycles=217,throughput_mbps=18.433180
PERF,count=189,z_bytes=23,msg_bytes=5,out_bits=512,start_cycle=39671,done_cycle=39888,cycles=217,throughput_mbps=18.433180
PERF,count=190,z_bytes=24,msg_bytes=5,out_bits=512,start_cycle=39891,done_cycle=40126,cycles=235,throughput_mbps=17.021277
PERF,count=191,z_bytes=25,msg_bytes=5,out_bits=512,start_cycle=40129,done_cycle=40364,cycles=235,throughput_mbps=17.021277
PERF,count=192,z_bytes=26,msg_bytes=5,out_bits=512,start_cycle=40367,done_cycle=40602,cycles=235,throughput_mbps=17.021277
PERF,count=193,z_bytes=27,msg_bytes=5,out_bits=512,start_cycle=40605,done_cycle=40840,cycles=235,throughput_mbps=17.021277
PERF,count=194,z_bytes=28,msg_bytes=5,out_bits=512,start_cycle=40843,done_cycle=41078,cycles=235,throughput_mbps=17.021277
PERF,count=195,z_bytes=29,msg_bytes=5,out_bits=512,start_cycle=41081,done_cycle=41316,cycles=235,throughput_mbps=17.021277
PERF,count=196,z_bytes=30,msg_bytes=5,out_bits=512,start_cycle=41319,done_cycle=41554,cycles=235,throughput_mbps=17.021277
PERF,count=197,z_bytes=31,msg_bytes=5,out_bits=512,start_cycle=41557,done_cycle=41792,cycles=235,throughput_mbps=17.021277
PERF,count=198,z_bytes=32,msg_bytes=5,out_bits=512,start_cycle=41795,done_cycle=42048,cycles=253,throughput_mbps=15.810277
PERF,count=199,z_bytes=0,msg_bytes=6,out_bits=512,start_cycle=42051,done_cycle=42232,cycles=181,throughput_mbps=26.519337
PERF,count=200,z_bytes=1,msg_bytes=6,out_bits=512,start_cycle=42235,done_cycle=42416,cycles=181,throughput_mbps=26.519337
PASS through Count 200
PERF,count=201,z_bytes=2,msg_bytes=6,out_bits=512,start_cycle=42419,done_cycle=42600,cycles=181,throughput_mbps=26.519337
PERF,count=202,z_bytes=3,msg_bytes=6,out_bits=512,start_cycle=42603,done_cycle=42784,cycles=181,throughput_mbps=26.519337
PERF,count=203,z_bytes=4,msg_bytes=6,out_bits=512,start_cycle=42787,done_cycle=42968,cycles=181,throughput_mbps=26.519337
PERF,count=204,z_bytes=5,msg_bytes=6,out_bits=512,start_cycle=42971,done_cycle=43152,cycles=181,throughput_mbps=26.519337
PERF,count=205,z_bytes=6,msg_bytes=6,out_bits=512,start_cycle=43155,done_cycle=43336,cycles=181,throughput_mbps=26.519337
PERF,count=206,z_bytes=7,msg_bytes=6,out_bits=512,start_cycle=43339,done_cycle=43520,cycles=181,throughput_mbps=26.519337
PERF,count=207,z_bytes=8,msg_bytes=6,out_bits=512,start_cycle=43523,done_cycle=43722,cycles=199,throughput_mbps=24.120603
PERF,count=208,z_bytes=9,msg_bytes=6,out_bits=512,start_cycle=43725,done_cycle=43924,cycles=199,throughput_mbps=24.120603
PERF,count=209,z_bytes=10,msg_bytes=6,out_bits=512,start_cycle=43927,done_cycle=44126,cycles=199,throughput_mbps=24.120603
PERF,count=210,z_bytes=11,msg_bytes=6,out_bits=512,start_cycle=44129,done_cycle=44328,cycles=199,throughput_mbps=24.120603
PERF,count=211,z_bytes=12,msg_bytes=6,out_bits=512,start_cycle=44331,done_cycle=44530,cycles=199,throughput_mbps=24.120603
PERF,count=212,z_bytes=13,msg_bytes=6,out_bits=512,start_cycle=44533,done_cycle=44732,cycles=199,throughput_mbps=24.120603
PERF,count=213,z_bytes=14,msg_bytes=6,out_bits=512,start_cycle=44735,done_cycle=44934,cycles=199,throughput_mbps=24.120603
PERF,count=214,z_bytes=15,msg_bytes=6,out_bits=512,start_cycle=44937,done_cycle=45136,cycles=199,throughput_mbps=24.120603
PERF,count=215,z_bytes=16,msg_bytes=6,out_bits=512,start_cycle=45139,done_cycle=45356,cycles=217,throughput_mbps=22.119816
PERF,count=216,z_bytes=17,msg_bytes=6,out_bits=512,start_cycle=45359,done_cycle=45576,cycles=217,throughput_mbps=22.119816
PERF,count=217,z_bytes=18,msg_bytes=6,out_bits=512,start_cycle=45579,done_cycle=45796,cycles=217,throughput_mbps=22.119816
PERF,count=218,z_bytes=19,msg_bytes=6,out_bits=512,start_cycle=45799,done_cycle=46016,cycles=217,throughput_mbps=22.119816
PERF,count=219,z_bytes=20,msg_bytes=6,out_bits=512,start_cycle=46019,done_cycle=46236,cycles=217,throughput_mbps=22.119816
PERF,count=220,z_bytes=21,msg_bytes=6,out_bits=512,start_cycle=46239,done_cycle=46456,cycles=217,throughput_mbps=22.119816
PERF,count=221,z_bytes=22,msg_bytes=6,out_bits=512,start_cycle=46459,done_cycle=46676,cycles=217,throughput_mbps=22.119816
PERF,count=222,z_bytes=23,msg_bytes=6,out_bits=512,start_cycle=46679,done_cycle=46896,cycles=217,throughput_mbps=22.119816
PERF,count=223,z_bytes=24,msg_bytes=6,out_bits=512,start_cycle=46899,done_cycle=47134,cycles=235,throughput_mbps=20.425532
PERF,count=224,z_bytes=25,msg_bytes=6,out_bits=512,start_cycle=47137,done_cycle=47372,cycles=235,throughput_mbps=20.425532
PERF,count=225,z_bytes=26,msg_bytes=6,out_bits=512,start_cycle=47375,done_cycle=47610,cycles=235,throughput_mbps=20.425532
PERF,count=226,z_bytes=27,msg_bytes=6,out_bits=512,start_cycle=47613,done_cycle=47848,cycles=235,throughput_mbps=20.425532
PERF,count=227,z_bytes=28,msg_bytes=6,out_bits=512,start_cycle=47851,done_cycle=48086,cycles=235,throughput_mbps=20.425532
PERF,count=228,z_bytes=29,msg_bytes=6,out_bits=512,start_cycle=48089,done_cycle=48324,cycles=235,throughput_mbps=20.425532
PERF,count=229,z_bytes=30,msg_bytes=6,out_bits=512,start_cycle=48327,done_cycle=48562,cycles=235,throughput_mbps=20.425532
PERF,count=230,z_bytes=31,msg_bytes=6,out_bits=512,start_cycle=48565,done_cycle=48800,cycles=235,throughput_mbps=20.425532
PERF,count=231,z_bytes=32,msg_bytes=6,out_bits=512,start_cycle=48803,done_cycle=49056,cycles=253,throughput_mbps=18.972332
PERF,count=232,z_bytes=0,msg_bytes=7,out_bits=512,start_cycle=49059,done_cycle=49240,cycles=181,throughput_mbps=30.939227
PERF,count=233,z_bytes=1,msg_bytes=7,out_bits=512,start_cycle=49243,done_cycle=49424,cycles=181,throughput_mbps=30.939227
PERF,count=234,z_bytes=2,msg_bytes=7,out_bits=512,start_cycle=49427,done_cycle=49608,cycles=181,throughput_mbps=30.939227
PERF,count=235,z_bytes=3,msg_bytes=7,out_bits=512,start_cycle=49611,done_cycle=49792,cycles=181,throughput_mbps=30.939227
PERF,count=236,z_bytes=4,msg_bytes=7,out_bits=512,start_cycle=49795,done_cycle=49976,cycles=181,throughput_mbps=30.939227
PERF,count=237,z_bytes=5,msg_bytes=7,out_bits=512,start_cycle=49979,done_cycle=50160,cycles=181,throughput_mbps=30.939227
PERF,count=238,z_bytes=6,msg_bytes=7,out_bits=512,start_cycle=50163,done_cycle=50344,cycles=181,throughput_mbps=30.939227
PERF,count=239,z_bytes=7,msg_bytes=7,out_bits=512,start_cycle=50347,done_cycle=50528,cycles=181,throughput_mbps=30.939227
PERF,count=240,z_bytes=8,msg_bytes=7,out_bits=512,start_cycle=50531,done_cycle=50730,cycles=199,throughput_mbps=28.140704
PERF,count=241,z_bytes=9,msg_bytes=7,out_bits=512,start_cycle=50733,done_cycle=50932,cycles=199,throughput_mbps=28.140704
PERF,count=242,z_bytes=10,msg_bytes=7,out_bits=512,start_cycle=50935,done_cycle=51134,cycles=199,throughput_mbps=28.140704
PERF,count=243,z_bytes=11,msg_bytes=7,out_bits=512,start_cycle=51137,done_cycle=51336,cycles=199,throughput_mbps=28.140704
PERF,count=244,z_bytes=12,msg_bytes=7,out_bits=512,start_cycle=51339,done_cycle=51538,cycles=199,throughput_mbps=28.140704
PERF,count=245,z_bytes=13,msg_bytes=7,out_bits=512,start_cycle=51541,done_cycle=51740,cycles=199,throughput_mbps=28.140704
PERF,count=246,z_bytes=14,msg_bytes=7,out_bits=512,start_cycle=51743,done_cycle=51942,cycles=199,throughput_mbps=28.140704
PERF,count=247,z_bytes=15,msg_bytes=7,out_bits=512,start_cycle=51945,done_cycle=52144,cycles=199,throughput_mbps=28.140704
PERF,count=248,z_bytes=16,msg_bytes=7,out_bits=512,start_cycle=52147,done_cycle=52364,cycles=217,throughput_mbps=25.806452
PERF,count=249,z_bytes=17,msg_bytes=7,out_bits=512,start_cycle=52367,done_cycle=52584,cycles=217,throughput_mbps=25.806452
PERF,count=250,z_bytes=18,msg_bytes=7,out_bits=512,start_cycle=52587,done_cycle=52804,cycles=217,throughput_mbps=25.806452
PERF,count=251,z_bytes=19,msg_bytes=7,out_bits=512,start_cycle=52807,done_cycle=53024,cycles=217,throughput_mbps=25.806452
PERF,count=252,z_bytes=20,msg_bytes=7,out_bits=512,start_cycle=53027,done_cycle=53244,cycles=217,throughput_mbps=25.806452
PERF,count=253,z_bytes=21,msg_bytes=7,out_bits=512,start_cycle=53247,done_cycle=53464,cycles=217,throughput_mbps=25.806452
PERF,count=254,z_bytes=22,msg_bytes=7,out_bits=512,start_cycle=53467,done_cycle=53684,cycles=217,throughput_mbps=25.806452
PERF,count=255,z_bytes=23,msg_bytes=7,out_bits=512,start_cycle=53687,done_cycle=53904,cycles=217,throughput_mbps=25.806452
PERF,count=256,z_bytes=24,msg_bytes=7,out_bits=512,start_cycle=53907,done_cycle=54142,cycles=235,throughput_mbps=23.829787
PERF,count=257,z_bytes=25,msg_bytes=7,out_bits=512,start_cycle=54145,done_cycle=54380,cycles=235,throughput_mbps=23.829787
PERF,count=258,z_bytes=26,msg_bytes=7,out_bits=512,start_cycle=54383,done_cycle=54618,cycles=235,throughput_mbps=23.829787
PERF,count=259,z_bytes=27,msg_bytes=7,out_bits=512,start_cycle=54621,done_cycle=54856,cycles=235,throughput_mbps=23.829787
PERF,count=260,z_bytes=28,msg_bytes=7,out_bits=512,start_cycle=54859,done_cycle=55094,cycles=235,throughput_mbps=23.829787
PERF,count=261,z_bytes=29,msg_bytes=7,out_bits=512,start_cycle=55097,done_cycle=55332,cycles=235,throughput_mbps=23.829787
PERF,count=262,z_bytes=30,msg_bytes=7,out_bits=512,start_cycle=55335,done_cycle=55570,cycles=235,throughput_mbps=23.829787
PERF,count=263,z_bytes=31,msg_bytes=7,out_bits=512,start_cycle=55573,done_cycle=55808,cycles=235,throughput_mbps=23.829787
PERF,count=264,z_bytes=32,msg_bytes=7,out_bits=512,start_cycle=55811,done_cycle=56064,cycles=253,throughput_mbps=22.134387
PERF,count=265,z_bytes=0,msg_bytes=8,out_bits=512,start_cycle=56067,done_cycle=56266,cycles=199,throughput_mbps=32.160804
PERF,count=266,z_bytes=1,msg_bytes=8,out_bits=512,start_cycle=56269,done_cycle=56468,cycles=199,throughput_mbps=32.160804
PERF,count=267,z_bytes=2,msg_bytes=8,out_bits=512,start_cycle=56471,done_cycle=56670,cycles=199,throughput_mbps=32.160804
PERF,count=268,z_bytes=3,msg_bytes=8,out_bits=512,start_cycle=56673,done_cycle=56872,cycles=199,throughput_mbps=32.160804
PERF,count=269,z_bytes=4,msg_bytes=8,out_bits=512,start_cycle=56875,done_cycle=57074,cycles=199,throughput_mbps=32.160804
PERF,count=270,z_bytes=5,msg_bytes=8,out_bits=512,start_cycle=57077,done_cycle=57276,cycles=199,throughput_mbps=32.160804
PERF,count=271,z_bytes=6,msg_bytes=8,out_bits=512,start_cycle=57279,done_cycle=57478,cycles=199,throughput_mbps=32.160804
PERF,count=272,z_bytes=7,msg_bytes=8,out_bits=512,start_cycle=57481,done_cycle=57680,cycles=199,throughput_mbps=32.160804
PERF,count=273,z_bytes=8,msg_bytes=8,out_bits=512,start_cycle=57683,done_cycle=57900,cycles=217,throughput_mbps=29.493088
PERF,count=274,z_bytes=9,msg_bytes=8,out_bits=512,start_cycle=57903,done_cycle=58120,cycles=217,throughput_mbps=29.493088
PERF,count=275,z_bytes=10,msg_bytes=8,out_bits=512,start_cycle=58123,done_cycle=58340,cycles=217,throughput_mbps=29.493088
PERF,count=276,z_bytes=11,msg_bytes=8,out_bits=512,start_cycle=58343,done_cycle=58560,cycles=217,throughput_mbps=29.493088
PERF,count=277,z_bytes=12,msg_bytes=8,out_bits=512,start_cycle=58563,done_cycle=58780,cycles=217,throughput_mbps=29.493088
PERF,count=278,z_bytes=13,msg_bytes=8,out_bits=512,start_cycle=58783,done_cycle=59000,cycles=217,throughput_mbps=29.493088
PERF,count=279,z_bytes=14,msg_bytes=8,out_bits=512,start_cycle=59003,done_cycle=59220,cycles=217,throughput_mbps=29.493088
PERF,count=280,z_bytes=15,msg_bytes=8,out_bits=512,start_cycle=59223,done_cycle=59440,cycles=217,throughput_mbps=29.493088
PERF,count=281,z_bytes=16,msg_bytes=8,out_bits=512,start_cycle=59443,done_cycle=59678,cycles=235,throughput_mbps=27.234043
PERF,count=282,z_bytes=17,msg_bytes=8,out_bits=512,start_cycle=59681,done_cycle=59916,cycles=235,throughput_mbps=27.234043
PERF,count=283,z_bytes=18,msg_bytes=8,out_bits=512,start_cycle=59919,done_cycle=60154,cycles=235,throughput_mbps=27.234043
PERF,count=284,z_bytes=19,msg_bytes=8,out_bits=512,start_cycle=60157,done_cycle=60392,cycles=235,throughput_mbps=27.234043
PERF,count=285,z_bytes=20,msg_bytes=8,out_bits=512,start_cycle=60395,done_cycle=60630,cycles=235,throughput_mbps=27.234043
PERF,count=286,z_bytes=21,msg_bytes=8,out_bits=512,start_cycle=60633,done_cycle=60868,cycles=235,throughput_mbps=27.234043
PERF,count=287,z_bytes=22,msg_bytes=8,out_bits=512,start_cycle=60871,done_cycle=61106,cycles=235,throughput_mbps=27.234043
PERF,count=288,z_bytes=23,msg_bytes=8,out_bits=512,start_cycle=61109,done_cycle=61344,cycles=235,throughput_mbps=27.234043
PERF,count=289,z_bytes=24,msg_bytes=8,out_bits=512,start_cycle=61347,done_cycle=61600,cycles=253,throughput_mbps=25.296443
PERF,count=290,z_bytes=25,msg_bytes=8,out_bits=512,start_cycle=61603,done_cycle=61856,cycles=253,throughput_mbps=25.296443
PERF,count=291,z_bytes=26,msg_bytes=8,out_bits=512,start_cycle=61859,done_cycle=62112,cycles=253,throughput_mbps=25.296443
PERF,count=292,z_bytes=27,msg_bytes=8,out_bits=512,start_cycle=62115,done_cycle=62368,cycles=253,throughput_mbps=25.296443
PERF,count=293,z_bytes=28,msg_bytes=8,out_bits=512,start_cycle=62371,done_cycle=62624,cycles=253,throughput_mbps=25.296443
PERF,count=294,z_bytes=29,msg_bytes=8,out_bits=512,start_cycle=62627,done_cycle=62880,cycles=253,throughput_mbps=25.296443
PERF,count=295,z_bytes=30,msg_bytes=8,out_bits=512,start_cycle=62883,done_cycle=63136,cycles=253,throughput_mbps=25.296443
PERF,count=296,z_bytes=31,msg_bytes=8,out_bits=512,start_cycle=63139,done_cycle=63392,cycles=253,throughput_mbps=25.296443
PERF,count=297,z_bytes=32,msg_bytes=8,out_bits=512,start_cycle=63395,done_cycle=63666,cycles=271,throughput_mbps=23.616236
PERF,count=298,z_bytes=0,msg_bytes=9,out_bits=512,start_cycle=63669,done_cycle=63868,cycles=199,throughput_mbps=36.180905
PERF,count=299,z_bytes=1,msg_bytes=9,out_bits=512,start_cycle=63871,done_cycle=64070,cycles=199,throughput_mbps=36.180905
PERF,count=300,z_bytes=2,msg_bytes=9,out_bits=512,start_cycle=64073,done_cycle=64272,cycles=199,throughput_mbps=36.180905
PASS through Count 300
PERF,count=301,z_bytes=3,msg_bytes=9,out_bits=512,start_cycle=64275,done_cycle=64474,cycles=199,throughput_mbps=36.180905
PERF,count=302,z_bytes=4,msg_bytes=9,out_bits=512,start_cycle=64477,done_cycle=64676,cycles=199,throughput_mbps=36.180905
PERF,count=303,z_bytes=5,msg_bytes=9,out_bits=512,start_cycle=64679,done_cycle=64878,cycles=199,throughput_mbps=36.180905
PERF,count=304,z_bytes=6,msg_bytes=9,out_bits=512,start_cycle=64881,done_cycle=65080,cycles=199,throughput_mbps=36.180905
PERF,count=305,z_bytes=7,msg_bytes=9,out_bits=512,start_cycle=65083,done_cycle=65282,cycles=199,throughput_mbps=36.180905
PERF,count=306,z_bytes=8,msg_bytes=9,out_bits=512,start_cycle=65285,done_cycle=65502,cycles=217,throughput_mbps=33.179724
PERF,count=307,z_bytes=9,msg_bytes=9,out_bits=512,start_cycle=65505,done_cycle=65722,cycles=217,throughput_mbps=33.179724
PERF,count=308,z_bytes=10,msg_bytes=9,out_bits=512,start_cycle=65725,done_cycle=65942,cycles=217,throughput_mbps=33.179724
PERF,count=309,z_bytes=11,msg_bytes=9,out_bits=512,start_cycle=65945,done_cycle=66162,cycles=217,throughput_mbps=33.179724
PERF,count=310,z_bytes=12,msg_bytes=9,out_bits=512,start_cycle=66165,done_cycle=66382,cycles=217,throughput_mbps=33.179724
PERF,count=311,z_bytes=13,msg_bytes=9,out_bits=512,start_cycle=66385,done_cycle=66602,cycles=217,throughput_mbps=33.179724
PERF,count=312,z_bytes=14,msg_bytes=9,out_bits=512,start_cycle=66605,done_cycle=66822,cycles=217,throughput_mbps=33.179724
PERF,count=313,z_bytes=15,msg_bytes=9,out_bits=512,start_cycle=66825,done_cycle=67042,cycles=217,throughput_mbps=33.179724
PERF,count=314,z_bytes=16,msg_bytes=9,out_bits=512,start_cycle=67045,done_cycle=67280,cycles=235,throughput_mbps=30.638298
PERF,count=315,z_bytes=17,msg_bytes=9,out_bits=512,start_cycle=67283,done_cycle=67518,cycles=235,throughput_mbps=30.638298
PERF,count=316,z_bytes=18,msg_bytes=9,out_bits=512,start_cycle=67521,done_cycle=67756,cycles=235,throughput_mbps=30.638298
PERF,count=317,z_bytes=19,msg_bytes=9,out_bits=512,start_cycle=67759,done_cycle=67994,cycles=235,throughput_mbps=30.638298
PERF,count=318,z_bytes=20,msg_bytes=9,out_bits=512,start_cycle=67997,done_cycle=68232,cycles=235,throughput_mbps=30.638298
PERF,count=319,z_bytes=21,msg_bytes=9,out_bits=512,start_cycle=68235,done_cycle=68470,cycles=235,throughput_mbps=30.638298
PERF,count=320,z_bytes=22,msg_bytes=9,out_bits=512,start_cycle=68473,done_cycle=68708,cycles=235,throughput_mbps=30.638298
PERF,count=321,z_bytes=23,msg_bytes=9,out_bits=512,start_cycle=68711,done_cycle=68946,cycles=235,throughput_mbps=30.638298
PERF,count=322,z_bytes=24,msg_bytes=9,out_bits=512,start_cycle=68949,done_cycle=69202,cycles=253,throughput_mbps=28.458498
PERF,count=323,z_bytes=25,msg_bytes=9,out_bits=512,start_cycle=69205,done_cycle=69458,cycles=253,throughput_mbps=28.458498
PERF,count=324,z_bytes=26,msg_bytes=9,out_bits=512,start_cycle=69461,done_cycle=69714,cycles=253,throughput_mbps=28.458498
PERF,count=325,z_bytes=27,msg_bytes=9,out_bits=512,start_cycle=69717,done_cycle=69970,cycles=253,throughput_mbps=28.458498
PERF,count=326,z_bytes=28,msg_bytes=9,out_bits=512,start_cycle=69973,done_cycle=70226,cycles=253,throughput_mbps=28.458498
PERF,count=327,z_bytes=29,msg_bytes=9,out_bits=512,start_cycle=70229,done_cycle=70482,cycles=253,throughput_mbps=28.458498
PERF,count=328,z_bytes=30,msg_bytes=9,out_bits=512,start_cycle=70485,done_cycle=70738,cycles=253,throughput_mbps=28.458498
PERF,count=329,z_bytes=31,msg_bytes=9,out_bits=512,start_cycle=70741,done_cycle=70994,cycles=253,throughput_mbps=28.458498
PERF,count=330,z_bytes=32,msg_bytes=9,out_bits=512,start_cycle=70997,done_cycle=71268,cycles=271,throughput_mbps=26.568266
PERF,count=331,z_bytes=0,msg_bytes=10,out_bits=512,start_cycle=71271,done_cycle=71470,cycles=199,throughput_mbps=40.201005
PERF,count=332,z_bytes=1,msg_bytes=10,out_bits=512,start_cycle=71473,done_cycle=71672,cycles=199,throughput_mbps=40.201005
PERF,count=333,z_bytes=2,msg_bytes=10,out_bits=512,start_cycle=71675,done_cycle=71874,cycles=199,throughput_mbps=40.201005
PERF,count=334,z_bytes=3,msg_bytes=10,out_bits=512,start_cycle=71877,done_cycle=72076,cycles=199,throughput_mbps=40.201005
PERF,count=335,z_bytes=4,msg_bytes=10,out_bits=512,start_cycle=72079,done_cycle=72278,cycles=199,throughput_mbps=40.201005
PERF,count=336,z_bytes=5,msg_bytes=10,out_bits=512,start_cycle=72281,done_cycle=72480,cycles=199,throughput_mbps=40.201005
PERF,count=337,z_bytes=6,msg_bytes=10,out_bits=512,start_cycle=72483,done_cycle=72682,cycles=199,throughput_mbps=40.201005
PERF,count=338,z_bytes=7,msg_bytes=10,out_bits=512,start_cycle=72685,done_cycle=72884,cycles=199,throughput_mbps=40.201005
PERF,count=339,z_bytes=8,msg_bytes=10,out_bits=512,start_cycle=72887,done_cycle=73104,cycles=217,throughput_mbps=36.866359
PERF,count=340,z_bytes=9,msg_bytes=10,out_bits=512,start_cycle=73107,done_cycle=73324,cycles=217,throughput_mbps=36.866359
PERF,count=341,z_bytes=10,msg_bytes=10,out_bits=512,start_cycle=73327,done_cycle=73544,cycles=217,throughput_mbps=36.866359
PERF,count=342,z_bytes=11,msg_bytes=10,out_bits=512,start_cycle=73547,done_cycle=73764,cycles=217,throughput_mbps=36.866359
PERF,count=343,z_bytes=12,msg_bytes=10,out_bits=512,start_cycle=73767,done_cycle=73984,cycles=217,throughput_mbps=36.866359
PERF,count=344,z_bytes=13,msg_bytes=10,out_bits=512,start_cycle=73987,done_cycle=74204,cycles=217,throughput_mbps=36.866359
PERF,count=345,z_bytes=14,msg_bytes=10,out_bits=512,start_cycle=74207,done_cycle=74424,cycles=217,throughput_mbps=36.866359
PERF,count=346,z_bytes=15,msg_bytes=10,out_bits=512,start_cycle=74427,done_cycle=74644,cycles=217,throughput_mbps=36.866359
PERF,count=347,z_bytes=16,msg_bytes=10,out_bits=512,start_cycle=74647,done_cycle=74882,cycles=235,throughput_mbps=34.042553
PERF,count=348,z_bytes=17,msg_bytes=10,out_bits=512,start_cycle=74885,done_cycle=75120,cycles=235,throughput_mbps=34.042553
PERF,count=349,z_bytes=18,msg_bytes=10,out_bits=512,start_cycle=75123,done_cycle=75358,cycles=235,throughput_mbps=34.042553
PERF,count=350,z_bytes=19,msg_bytes=10,out_bits=512,start_cycle=75361,done_cycle=75596,cycles=235,throughput_mbps=34.042553
PERF,count=351,z_bytes=20,msg_bytes=10,out_bits=512,start_cycle=75599,done_cycle=75834,cycles=235,throughput_mbps=34.042553
PERF,count=352,z_bytes=21,msg_bytes=10,out_bits=512,start_cycle=75837,done_cycle=76072,cycles=235,throughput_mbps=34.042553
PERF,count=353,z_bytes=22,msg_bytes=10,out_bits=512,start_cycle=76075,done_cycle=76310,cycles=235,throughput_mbps=34.042553
PERF,count=354,z_bytes=23,msg_bytes=10,out_bits=512,start_cycle=76313,done_cycle=76548,cycles=235,throughput_mbps=34.042553
PERF,count=355,z_bytes=24,msg_bytes=10,out_bits=512,start_cycle=76551,done_cycle=76804,cycles=253,throughput_mbps=31.620553
PERF,count=356,z_bytes=25,msg_bytes=10,out_bits=512,start_cycle=76807,done_cycle=77060,cycles=253,throughput_mbps=31.620553
PERF,count=357,z_bytes=26,msg_bytes=10,out_bits=512,start_cycle=77063,done_cycle=77316,cycles=253,throughput_mbps=31.620553
PERF,count=358,z_bytes=27,msg_bytes=10,out_bits=512,start_cycle=77319,done_cycle=77572,cycles=253,throughput_mbps=31.620553
PERF,count=359,z_bytes=28,msg_bytes=10,out_bits=512,start_cycle=77575,done_cycle=77828,cycles=253,throughput_mbps=31.620553
PERF,count=360,z_bytes=29,msg_bytes=10,out_bits=512,start_cycle=77831,done_cycle=78084,cycles=253,throughput_mbps=31.620553
PERF,count=361,z_bytes=30,msg_bytes=10,out_bits=512,start_cycle=78087,done_cycle=78340,cycles=253,throughput_mbps=31.620553
PERF,count=362,z_bytes=31,msg_bytes=10,out_bits=512,start_cycle=78343,done_cycle=78596,cycles=253,throughput_mbps=31.620553
PERF,count=363,z_bytes=32,msg_bytes=10,out_bits=512,start_cycle=78599,done_cycle=78870,cycles=271,throughput_mbps=29.520295
PERF,count=364,z_bytes=0,msg_bytes=11,out_bits=512,start_cycle=78873,done_cycle=79072,cycles=199,throughput_mbps=44.221106
PERF,count=365,z_bytes=1,msg_bytes=11,out_bits=512,start_cycle=79075,done_cycle=79274,cycles=199,throughput_mbps=44.221106
PERF,count=366,z_bytes=2,msg_bytes=11,out_bits=512,start_cycle=79277,done_cycle=79476,cycles=199,throughput_mbps=44.221106
PERF,count=367,z_bytes=3,msg_bytes=11,out_bits=512,start_cycle=79479,done_cycle=79678,cycles=199,throughput_mbps=44.221106
PERF,count=368,z_bytes=4,msg_bytes=11,out_bits=512,start_cycle=79681,done_cycle=79880,cycles=199,throughput_mbps=44.221106
PERF,count=369,z_bytes=5,msg_bytes=11,out_bits=512,start_cycle=79883,done_cycle=80082,cycles=199,throughput_mbps=44.221106
PERF,count=370,z_bytes=6,msg_bytes=11,out_bits=512,start_cycle=80085,done_cycle=80284,cycles=199,throughput_mbps=44.221106
PERF,count=371,z_bytes=7,msg_bytes=11,out_bits=512,start_cycle=80287,done_cycle=80486,cycles=199,throughput_mbps=44.221106
PERF,count=372,z_bytes=8,msg_bytes=11,out_bits=512,start_cycle=80489,done_cycle=80706,cycles=217,throughput_mbps=40.552995
PERF,count=373,z_bytes=9,msg_bytes=11,out_bits=512,start_cycle=80709,done_cycle=80926,cycles=217,throughput_mbps=40.552995
PERF,count=374,z_bytes=10,msg_bytes=11,out_bits=512,start_cycle=80929,done_cycle=81146,cycles=217,throughput_mbps=40.552995
PERF,count=375,z_bytes=11,msg_bytes=11,out_bits=512,start_cycle=81149,done_cycle=81366,cycles=217,throughput_mbps=40.552995
PERF,count=376,z_bytes=12,msg_bytes=11,out_bits=512,start_cycle=81369,done_cycle=81586,cycles=217,throughput_mbps=40.552995
PERF,count=377,z_bytes=13,msg_bytes=11,out_bits=512,start_cycle=81589,done_cycle=81806,cycles=217,throughput_mbps=40.552995
PERF,count=378,z_bytes=14,msg_bytes=11,out_bits=512,start_cycle=81809,done_cycle=82026,cycles=217,throughput_mbps=40.552995
PERF,count=379,z_bytes=15,msg_bytes=11,out_bits=512,start_cycle=82029,done_cycle=82246,cycles=217,throughput_mbps=40.552995
PERF,count=380,z_bytes=16,msg_bytes=11,out_bits=512,start_cycle=82249,done_cycle=82484,cycles=235,throughput_mbps=37.446809
PERF,count=381,z_bytes=17,msg_bytes=11,out_bits=512,start_cycle=82487,done_cycle=82722,cycles=235,throughput_mbps=37.446809
PERF,count=382,z_bytes=18,msg_bytes=11,out_bits=512,start_cycle=82725,done_cycle=82960,cycles=235,throughput_mbps=37.446809
PERF,count=383,z_bytes=19,msg_bytes=11,out_bits=512,start_cycle=82963,done_cycle=83198,cycles=235,throughput_mbps=37.446809
PERF,count=384,z_bytes=20,msg_bytes=11,out_bits=512,start_cycle=83201,done_cycle=83436,cycles=235,throughput_mbps=37.446809
PERF,count=385,z_bytes=21,msg_bytes=11,out_bits=512,start_cycle=83439,done_cycle=83674,cycles=235,throughput_mbps=37.446809
PERF,count=386,z_bytes=22,msg_bytes=11,out_bits=512,start_cycle=83677,done_cycle=83912,cycles=235,throughput_mbps=37.446809
PERF,count=387,z_bytes=23,msg_bytes=11,out_bits=512,start_cycle=83915,done_cycle=84150,cycles=235,throughput_mbps=37.446809
PERF,count=388,z_bytes=24,msg_bytes=11,out_bits=512,start_cycle=84153,done_cycle=84406,cycles=253,throughput_mbps=34.782609
PERF,count=389,z_bytes=25,msg_bytes=11,out_bits=512,start_cycle=84409,done_cycle=84662,cycles=253,throughput_mbps=34.782609
PERF,count=390,z_bytes=26,msg_bytes=11,out_bits=512,start_cycle=84665,done_cycle=84918,cycles=253,throughput_mbps=34.782609
PERF,count=391,z_bytes=27,msg_bytes=11,out_bits=512,start_cycle=84921,done_cycle=85174,cycles=253,throughput_mbps=34.782609
PERF,count=392,z_bytes=28,msg_bytes=11,out_bits=512,start_cycle=85177,done_cycle=85430,cycles=253,throughput_mbps=34.782609
PERF,count=393,z_bytes=29,msg_bytes=11,out_bits=512,start_cycle=85433,done_cycle=85686,cycles=253,throughput_mbps=34.782609
PERF,count=394,z_bytes=30,msg_bytes=11,out_bits=512,start_cycle=85689,done_cycle=85942,cycles=253,throughput_mbps=34.782609
PERF,count=395,z_bytes=31,msg_bytes=11,out_bits=512,start_cycle=85945,done_cycle=86198,cycles=253,throughput_mbps=34.782609
PERF,count=396,z_bytes=32,msg_bytes=11,out_bits=512,start_cycle=86201,done_cycle=86472,cycles=271,throughput_mbps=32.472325
PERF,count=397,z_bytes=0,msg_bytes=12,out_bits=512,start_cycle=86475,done_cycle=86674,cycles=199,throughput_mbps=48.241206
PERF,count=398,z_bytes=1,msg_bytes=12,out_bits=512,start_cycle=86677,done_cycle=86876,cycles=199,throughput_mbps=48.241206
PERF,count=399,z_bytes=2,msg_bytes=12,out_bits=512,start_cycle=86879,done_cycle=87078,cycles=199,throughput_mbps=48.241206
PERF,count=400,z_bytes=3,msg_bytes=12,out_bits=512,start_cycle=87081,done_cycle=87280,cycles=199,throughput_mbps=48.241206
PASS through Count 400
PERF,count=401,z_bytes=4,msg_bytes=12,out_bits=512,start_cycle=87283,done_cycle=87482,cycles=199,throughput_mbps=48.241206
PERF,count=402,z_bytes=5,msg_bytes=12,out_bits=512,start_cycle=87485,done_cycle=87684,cycles=199,throughput_mbps=48.241206
PERF,count=403,z_bytes=6,msg_bytes=12,out_bits=512,start_cycle=87687,done_cycle=87886,cycles=199,throughput_mbps=48.241206
PERF,count=404,z_bytes=7,msg_bytes=12,out_bits=512,start_cycle=87889,done_cycle=88088,cycles=199,throughput_mbps=48.241206
PERF,count=405,z_bytes=8,msg_bytes=12,out_bits=512,start_cycle=88091,done_cycle=88308,cycles=217,throughput_mbps=44.239631
PERF,count=406,z_bytes=9,msg_bytes=12,out_bits=512,start_cycle=88311,done_cycle=88528,cycles=217,throughput_mbps=44.239631
PERF,count=407,z_bytes=10,msg_bytes=12,out_bits=512,start_cycle=88531,done_cycle=88748,cycles=217,throughput_mbps=44.239631
PERF,count=408,z_bytes=11,msg_bytes=12,out_bits=512,start_cycle=88751,done_cycle=88968,cycles=217,throughput_mbps=44.239631
PERF,count=409,z_bytes=12,msg_bytes=12,out_bits=512,start_cycle=88971,done_cycle=89188,cycles=217,throughput_mbps=44.239631
PERF,count=410,z_bytes=13,msg_bytes=12,out_bits=512,start_cycle=89191,done_cycle=89408,cycles=217,throughput_mbps=44.239631
PERF,count=411,z_bytes=14,msg_bytes=12,out_bits=512,start_cycle=89411,done_cycle=89628,cycles=217,throughput_mbps=44.239631
PERF,count=412,z_bytes=15,msg_bytes=12,out_bits=512,start_cycle=89631,done_cycle=89848,cycles=217,throughput_mbps=44.239631
PERF,count=413,z_bytes=16,msg_bytes=12,out_bits=512,start_cycle=89851,done_cycle=90086,cycles=235,throughput_mbps=40.851064
PERF,count=414,z_bytes=17,msg_bytes=12,out_bits=512,start_cycle=90089,done_cycle=90324,cycles=235,throughput_mbps=40.851064
PERF,count=415,z_bytes=18,msg_bytes=12,out_bits=512,start_cycle=90327,done_cycle=90562,cycles=235,throughput_mbps=40.851064
PERF,count=416,z_bytes=19,msg_bytes=12,out_bits=512,start_cycle=90565,done_cycle=90800,cycles=235,throughput_mbps=40.851064
PERF,count=417,z_bytes=20,msg_bytes=12,out_bits=512,start_cycle=90803,done_cycle=91038,cycles=235,throughput_mbps=40.851064
PERF,count=418,z_bytes=21,msg_bytes=12,out_bits=512,start_cycle=91041,done_cycle=91276,cycles=235,throughput_mbps=40.851064
PERF,count=419,z_bytes=22,msg_bytes=12,out_bits=512,start_cycle=91279,done_cycle=91514,cycles=235,throughput_mbps=40.851064
PERF,count=420,z_bytes=23,msg_bytes=12,out_bits=512,start_cycle=91517,done_cycle=91752,cycles=235,throughput_mbps=40.851064
PERF,count=421,z_bytes=24,msg_bytes=12,out_bits=512,start_cycle=91755,done_cycle=92008,cycles=253,throughput_mbps=37.944664
PERF,count=422,z_bytes=25,msg_bytes=12,out_bits=512,start_cycle=92011,done_cycle=92264,cycles=253,throughput_mbps=37.944664
PERF,count=423,z_bytes=26,msg_bytes=12,out_bits=512,start_cycle=92267,done_cycle=92520,cycles=253,throughput_mbps=37.944664
PERF,count=424,z_bytes=27,msg_bytes=12,out_bits=512,start_cycle=92523,done_cycle=92776,cycles=253,throughput_mbps=37.944664
PERF,count=425,z_bytes=28,msg_bytes=12,out_bits=512,start_cycle=92779,done_cycle=93032,cycles=253,throughput_mbps=37.944664
PERF,count=426,z_bytes=29,msg_bytes=12,out_bits=512,start_cycle=93035,done_cycle=93288,cycles=253,throughput_mbps=37.944664
PERF,count=427,z_bytes=30,msg_bytes=12,out_bits=512,start_cycle=93291,done_cycle=93544,cycles=253,throughput_mbps=37.944664
PERF,count=428,z_bytes=31,msg_bytes=12,out_bits=512,start_cycle=93547,done_cycle=93800,cycles=253,throughput_mbps=37.944664
PERF,count=429,z_bytes=32,msg_bytes=12,out_bits=512,start_cycle=93803,done_cycle=94074,cycles=271,throughput_mbps=35.424354
PERF,count=430,z_bytes=0,msg_bytes=13,out_bits=512,start_cycle=94077,done_cycle=94276,cycles=199,throughput_mbps=52.261307
PERF,count=431,z_bytes=1,msg_bytes=13,out_bits=512,start_cycle=94279,done_cycle=94478,cycles=199,throughput_mbps=52.261307
PERF,count=432,z_bytes=2,msg_bytes=13,out_bits=512,start_cycle=94481,done_cycle=94680,cycles=199,throughput_mbps=52.261307
PERF,count=433,z_bytes=3,msg_bytes=13,out_bits=512,start_cycle=94683,done_cycle=94882,cycles=199,throughput_mbps=52.261307
PERF,count=434,z_bytes=4,msg_bytes=13,out_bits=512,start_cycle=94885,done_cycle=95084,cycles=199,throughput_mbps=52.261307
PERF,count=435,z_bytes=5,msg_bytes=13,out_bits=512,start_cycle=95087,done_cycle=95286,cycles=199,throughput_mbps=52.261307
PERF,count=436,z_bytes=6,msg_bytes=13,out_bits=512,start_cycle=95289,done_cycle=95488,cycles=199,throughput_mbps=52.261307
PERF,count=437,z_bytes=7,msg_bytes=13,out_bits=512,start_cycle=95491,done_cycle=95690,cycles=199,throughput_mbps=52.261307
PERF,count=438,z_bytes=8,msg_bytes=13,out_bits=512,start_cycle=95693,done_cycle=95910,cycles=217,throughput_mbps=47.926267
PERF,count=439,z_bytes=9,msg_bytes=13,out_bits=512,start_cycle=95913,done_cycle=96130,cycles=217,throughput_mbps=47.926267
PERF,count=440,z_bytes=10,msg_bytes=13,out_bits=512,start_cycle=96133,done_cycle=96350,cycles=217,throughput_mbps=47.926267
PERF,count=441,z_bytes=11,msg_bytes=13,out_bits=512,start_cycle=96353,done_cycle=96570,cycles=217,throughput_mbps=47.926267
PERF,count=442,z_bytes=12,msg_bytes=13,out_bits=512,start_cycle=96573,done_cycle=96790,cycles=217,throughput_mbps=47.926267
PERF,count=443,z_bytes=13,msg_bytes=13,out_bits=512,start_cycle=96793,done_cycle=97010,cycles=217,throughput_mbps=47.926267
PERF,count=444,z_bytes=14,msg_bytes=13,out_bits=512,start_cycle=97013,done_cycle=97230,cycles=217,throughput_mbps=47.926267
PERF,count=445,z_bytes=15,msg_bytes=13,out_bits=512,start_cycle=97233,done_cycle=97450,cycles=217,throughput_mbps=47.926267
PERF,count=446,z_bytes=16,msg_bytes=13,out_bits=512,start_cycle=97453,done_cycle=97688,cycles=235,throughput_mbps=44.255319
PERF,count=447,z_bytes=17,msg_bytes=13,out_bits=512,start_cycle=97691,done_cycle=97926,cycles=235,throughput_mbps=44.255319
PERF,count=448,z_bytes=18,msg_bytes=13,out_bits=512,start_cycle=97929,done_cycle=98164,cycles=235,throughput_mbps=44.255319
PERF,count=449,z_bytes=19,msg_bytes=13,out_bits=512,start_cycle=98167,done_cycle=98402,cycles=235,throughput_mbps=44.255319
PERF,count=450,z_bytes=20,msg_bytes=13,out_bits=512,start_cycle=98405,done_cycle=98640,cycles=235,throughput_mbps=44.255319
PERF,count=451,z_bytes=21,msg_bytes=13,out_bits=512,start_cycle=98643,done_cycle=98878,cycles=235,throughput_mbps=44.255319
PERF,count=452,z_bytes=22,msg_bytes=13,out_bits=512,start_cycle=98881,done_cycle=99116,cycles=235,throughput_mbps=44.255319
PERF,count=453,z_bytes=23,msg_bytes=13,out_bits=512,start_cycle=99119,done_cycle=99354,cycles=235,throughput_mbps=44.255319
PERF,count=454,z_bytes=24,msg_bytes=13,out_bits=512,start_cycle=99357,done_cycle=99610,cycles=253,throughput_mbps=41.106719
PERF,count=455,z_bytes=25,msg_bytes=13,out_bits=512,start_cycle=99613,done_cycle=99866,cycles=253,throughput_mbps=41.106719
PERF,count=456,z_bytes=26,msg_bytes=13,out_bits=512,start_cycle=99869,done_cycle=100122,cycles=253,throughput_mbps=41.106719
PERF,count=457,z_bytes=27,msg_bytes=13,out_bits=512,start_cycle=100125,done_cycle=100378,cycles=253,throughput_mbps=41.106719
PERF,count=458,z_bytes=28,msg_bytes=13,out_bits=512,start_cycle=100381,done_cycle=100634,cycles=253,throughput_mbps=41.106719
PERF,count=459,z_bytes=29,msg_bytes=13,out_bits=512,start_cycle=100637,done_cycle=100890,cycles=253,throughput_mbps=41.106719
PERF,count=460,z_bytes=30,msg_bytes=13,out_bits=512,start_cycle=100893,done_cycle=101146,cycles=253,throughput_mbps=41.106719
PERF,count=461,z_bytes=31,msg_bytes=13,out_bits=512,start_cycle=101149,done_cycle=101402,cycles=253,throughput_mbps=41.106719
PERF,count=462,z_bytes=32,msg_bytes=13,out_bits=512,start_cycle=101405,done_cycle=101676,cycles=271,throughput_mbps=38.376384
PERF,count=463,z_bytes=0,msg_bytes=14,out_bits=512,start_cycle=101679,done_cycle=101878,cycles=199,throughput_mbps=56.281407
PERF,count=464,z_bytes=1,msg_bytes=14,out_bits=512,start_cycle=101881,done_cycle=102080,cycles=199,throughput_mbps=56.281407
PERF,count=465,z_bytes=2,msg_bytes=14,out_bits=512,start_cycle=102083,done_cycle=102282,cycles=199,throughput_mbps=56.281407
PERF,count=466,z_bytes=3,msg_bytes=14,out_bits=512,start_cycle=102285,done_cycle=102484,cycles=199,throughput_mbps=56.281407
PERF,count=467,z_bytes=4,msg_bytes=14,out_bits=512,start_cycle=102487,done_cycle=102686,cycles=199,throughput_mbps=56.281407
PERF,count=468,z_bytes=5,msg_bytes=14,out_bits=512,start_cycle=102689,done_cycle=102888,cycles=199,throughput_mbps=56.281407
PERF,count=469,z_bytes=6,msg_bytes=14,out_bits=512,start_cycle=102891,done_cycle=103090,cycles=199,throughput_mbps=56.281407
PERF,count=470,z_bytes=7,msg_bytes=14,out_bits=512,start_cycle=103093,done_cycle=103292,cycles=199,throughput_mbps=56.281407
PERF,count=471,z_bytes=8,msg_bytes=14,out_bits=512,start_cycle=103295,done_cycle=103512,cycles=217,throughput_mbps=51.612903
PERF,count=472,z_bytes=9,msg_bytes=14,out_bits=512,start_cycle=103515,done_cycle=103732,cycles=217,throughput_mbps=51.612903
PERF,count=473,z_bytes=10,msg_bytes=14,out_bits=512,start_cycle=103735,done_cycle=103952,cycles=217,throughput_mbps=51.612903
PERF,count=474,z_bytes=11,msg_bytes=14,out_bits=512,start_cycle=103955,done_cycle=104172,cycles=217,throughput_mbps=51.612903
PERF,count=475,z_bytes=12,msg_bytes=14,out_bits=512,start_cycle=104175,done_cycle=104392,cycles=217,throughput_mbps=51.612903
PERF,count=476,z_bytes=13,msg_bytes=14,out_bits=512,start_cycle=104395,done_cycle=104612,cycles=217,throughput_mbps=51.612903
PERF,count=477,z_bytes=14,msg_bytes=14,out_bits=512,start_cycle=104615,done_cycle=104832,cycles=217,throughput_mbps=51.612903
PERF,count=478,z_bytes=15,msg_bytes=14,out_bits=512,start_cycle=104835,done_cycle=105052,cycles=217,throughput_mbps=51.612903
PERF,count=479,z_bytes=16,msg_bytes=14,out_bits=512,start_cycle=105055,done_cycle=105290,cycles=235,throughput_mbps=47.659574
PERF,count=480,z_bytes=17,msg_bytes=14,out_bits=512,start_cycle=105293,done_cycle=105528,cycles=235,throughput_mbps=47.659574
PERF,count=481,z_bytes=18,msg_bytes=14,out_bits=512,start_cycle=105531,done_cycle=105766,cycles=235,throughput_mbps=47.659574
PERF,count=482,z_bytes=19,msg_bytes=14,out_bits=512,start_cycle=105769,done_cycle=106004,cycles=235,throughput_mbps=47.659574
PERF,count=483,z_bytes=20,msg_bytes=14,out_bits=512,start_cycle=106007,done_cycle=106242,cycles=235,throughput_mbps=47.659574
PERF,count=484,z_bytes=21,msg_bytes=14,out_bits=512,start_cycle=106245,done_cycle=106480,cycles=235,throughput_mbps=47.659574
PERF,count=485,z_bytes=22,msg_bytes=14,out_bits=512,start_cycle=106483,done_cycle=106718,cycles=235,throughput_mbps=47.659574
PERF,count=486,z_bytes=23,msg_bytes=14,out_bits=512,start_cycle=106721,done_cycle=106956,cycles=235,throughput_mbps=47.659574
PERF,count=487,z_bytes=24,msg_bytes=14,out_bits=512,start_cycle=106959,done_cycle=107212,cycles=253,throughput_mbps=44.268775
PERF,count=488,z_bytes=25,msg_bytes=14,out_bits=512,start_cycle=107215,done_cycle=107468,cycles=253,throughput_mbps=44.268775
PERF,count=489,z_bytes=26,msg_bytes=14,out_bits=512,start_cycle=107471,done_cycle=107724,cycles=253,throughput_mbps=44.268775
PERF,count=490,z_bytes=27,msg_bytes=14,out_bits=512,start_cycle=107727,done_cycle=107980,cycles=253,throughput_mbps=44.268775
PERF,count=491,z_bytes=28,msg_bytes=14,out_bits=512,start_cycle=107983,done_cycle=108236,cycles=253,throughput_mbps=44.268775
PERF,count=492,z_bytes=29,msg_bytes=14,out_bits=512,start_cycle=108239,done_cycle=108492,cycles=253,throughput_mbps=44.268775
PERF,count=493,z_bytes=30,msg_bytes=14,out_bits=512,start_cycle=108495,done_cycle=108748,cycles=253,throughput_mbps=44.268775
PERF,count=494,z_bytes=31,msg_bytes=14,out_bits=512,start_cycle=108751,done_cycle=109004,cycles=253,throughput_mbps=44.268775
PERF,count=495,z_bytes=32,msg_bytes=14,out_bits=512,start_cycle=109007,done_cycle=109278,cycles=271,throughput_mbps=41.328413
PERF,count=496,z_bytes=0,msg_bytes=15,out_bits=512,start_cycle=109281,done_cycle=109480,cycles=199,throughput_mbps=60.301508
PERF,count=497,z_bytes=1,msg_bytes=15,out_bits=512,start_cycle=109483,done_cycle=109682,cycles=199,throughput_mbps=60.301508
PERF,count=498,z_bytes=2,msg_bytes=15,out_bits=512,start_cycle=109685,done_cycle=109884,cycles=199,throughput_mbps=60.301508
PERF,count=499,z_bytes=3,msg_bytes=15,out_bits=512,start_cycle=109887,done_cycle=110086,cycles=199,throughput_mbps=60.301508
PERF,count=500,z_bytes=4,msg_bytes=15,out_bits=512,start_cycle=110089,done_cycle=110288,cycles=199,throughput_mbps=60.301508
PASS through Count 500
PERF,count=501,z_bytes=5,msg_bytes=15,out_bits=512,start_cycle=110291,done_cycle=110490,cycles=199,throughput_mbps=60.301508
PERF,count=502,z_bytes=6,msg_bytes=15,out_bits=512,start_cycle=110493,done_cycle=110692,cycles=199,throughput_mbps=60.301508
PERF,count=503,z_bytes=7,msg_bytes=15,out_bits=512,start_cycle=110695,done_cycle=110894,cycles=199,throughput_mbps=60.301508
PERF,count=504,z_bytes=8,msg_bytes=15,out_bits=512,start_cycle=110897,done_cycle=111114,cycles=217,throughput_mbps=55.299539
PERF,count=505,z_bytes=9,msg_bytes=15,out_bits=512,start_cycle=111117,done_cycle=111334,cycles=217,throughput_mbps=55.299539
PERF,count=506,z_bytes=10,msg_bytes=15,out_bits=512,start_cycle=111337,done_cycle=111554,cycles=217,throughput_mbps=55.299539
PERF,count=507,z_bytes=11,msg_bytes=15,out_bits=512,start_cycle=111557,done_cycle=111774,cycles=217,throughput_mbps=55.299539
PERF,count=508,z_bytes=12,msg_bytes=15,out_bits=512,start_cycle=111777,done_cycle=111994,cycles=217,throughput_mbps=55.299539
PERF,count=509,z_bytes=13,msg_bytes=15,out_bits=512,start_cycle=111997,done_cycle=112214,cycles=217,throughput_mbps=55.299539
PERF,count=510,z_bytes=14,msg_bytes=15,out_bits=512,start_cycle=112217,done_cycle=112434,cycles=217,throughput_mbps=55.299539
PERF,count=511,z_bytes=15,msg_bytes=15,out_bits=512,start_cycle=112437,done_cycle=112654,cycles=217,throughput_mbps=55.299539
PERF,count=512,z_bytes=16,msg_bytes=15,out_bits=512,start_cycle=112657,done_cycle=112892,cycles=235,throughput_mbps=51.063830
PERF,count=513,z_bytes=17,msg_bytes=15,out_bits=512,start_cycle=112895,done_cycle=113130,cycles=235,throughput_mbps=51.063830
PERF,count=514,z_bytes=18,msg_bytes=15,out_bits=512,start_cycle=113133,done_cycle=113368,cycles=235,throughput_mbps=51.063830
PERF,count=515,z_bytes=19,msg_bytes=15,out_bits=512,start_cycle=113371,done_cycle=113606,cycles=235,throughput_mbps=51.063830
PERF,count=516,z_bytes=20,msg_bytes=15,out_bits=512,start_cycle=113609,done_cycle=113844,cycles=235,throughput_mbps=51.063830
PERF,count=517,z_bytes=21,msg_bytes=15,out_bits=512,start_cycle=113847,done_cycle=114082,cycles=235,throughput_mbps=51.063830
PERF,count=518,z_bytes=22,msg_bytes=15,out_bits=512,start_cycle=114085,done_cycle=114320,cycles=235,throughput_mbps=51.063830
PERF,count=519,z_bytes=23,msg_bytes=15,out_bits=512,start_cycle=114323,done_cycle=114558,cycles=235,throughput_mbps=51.063830
PERF,count=520,z_bytes=24,msg_bytes=15,out_bits=512,start_cycle=114561,done_cycle=114814,cycles=253,throughput_mbps=47.430830
PERF,count=521,z_bytes=25,msg_bytes=15,out_bits=512,start_cycle=114817,done_cycle=115070,cycles=253,throughput_mbps=47.430830
PERF,count=522,z_bytes=26,msg_bytes=15,out_bits=512,start_cycle=115073,done_cycle=115326,cycles=253,throughput_mbps=47.430830
PERF,count=523,z_bytes=27,msg_bytes=15,out_bits=512,start_cycle=115329,done_cycle=115582,cycles=253,throughput_mbps=47.430830
PERF,count=524,z_bytes=28,msg_bytes=15,out_bits=512,start_cycle=115585,done_cycle=115838,cycles=253,throughput_mbps=47.430830
PERF,count=525,z_bytes=29,msg_bytes=15,out_bits=512,start_cycle=115841,done_cycle=116094,cycles=253,throughput_mbps=47.430830
PERF,count=526,z_bytes=30,msg_bytes=15,out_bits=512,start_cycle=116097,done_cycle=116350,cycles=253,throughput_mbps=47.430830
PERF,count=527,z_bytes=31,msg_bytes=15,out_bits=512,start_cycle=116353,done_cycle=116606,cycles=253,throughput_mbps=47.430830
PERF,count=528,z_bytes=32,msg_bytes=15,out_bits=512,start_cycle=116609,done_cycle=116880,cycles=271,throughput_mbps=44.280443
PERF,count=529,z_bytes=0,msg_bytes=16,out_bits=512,start_cycle=116883,done_cycle=117100,cycles=217,throughput_mbps=58.986175
PERF,count=530,z_bytes=1,msg_bytes=16,out_bits=512,start_cycle=117103,done_cycle=117320,cycles=217,throughput_mbps=58.986175
PERF,count=531,z_bytes=2,msg_bytes=16,out_bits=512,start_cycle=117323,done_cycle=117540,cycles=217,throughput_mbps=58.986175
PERF,count=532,z_bytes=3,msg_bytes=16,out_bits=512,start_cycle=117543,done_cycle=117760,cycles=217,throughput_mbps=58.986175
PERF,count=533,z_bytes=4,msg_bytes=16,out_bits=512,start_cycle=117763,done_cycle=117980,cycles=217,throughput_mbps=58.986175
PERF,count=534,z_bytes=5,msg_bytes=16,out_bits=512,start_cycle=117983,done_cycle=118200,cycles=217,throughput_mbps=58.986175
PERF,count=535,z_bytes=6,msg_bytes=16,out_bits=512,start_cycle=118203,done_cycle=118420,cycles=217,throughput_mbps=58.986175
PERF,count=536,z_bytes=7,msg_bytes=16,out_bits=512,start_cycle=118423,done_cycle=118640,cycles=217,throughput_mbps=58.986175
PERF,count=537,z_bytes=8,msg_bytes=16,out_bits=512,start_cycle=118643,done_cycle=118878,cycles=235,throughput_mbps=54.468085
PERF,count=538,z_bytes=9,msg_bytes=16,out_bits=512,start_cycle=118881,done_cycle=119116,cycles=235,throughput_mbps=54.468085
PERF,count=539,z_bytes=10,msg_bytes=16,out_bits=512,start_cycle=119119,done_cycle=119354,cycles=235,throughput_mbps=54.468085
PERF,count=540,z_bytes=11,msg_bytes=16,out_bits=512,start_cycle=119357,done_cycle=119592,cycles=235,throughput_mbps=54.468085
PERF,count=541,z_bytes=12,msg_bytes=16,out_bits=512,start_cycle=119595,done_cycle=119830,cycles=235,throughput_mbps=54.468085
PERF,count=542,z_bytes=13,msg_bytes=16,out_bits=512,start_cycle=119833,done_cycle=120068,cycles=235,throughput_mbps=54.468085
PERF,count=543,z_bytes=14,msg_bytes=16,out_bits=512,start_cycle=120071,done_cycle=120306,cycles=235,throughput_mbps=54.468085
PERF,count=544,z_bytes=15,msg_bytes=16,out_bits=512,start_cycle=120309,done_cycle=120544,cycles=235,throughput_mbps=54.468085
PERF,count=545,z_bytes=16,msg_bytes=16,out_bits=512,start_cycle=120547,done_cycle=120800,cycles=253,throughput_mbps=50.592885
PERF,count=546,z_bytes=17,msg_bytes=16,out_bits=512,start_cycle=120803,done_cycle=121056,cycles=253,throughput_mbps=50.592885
PERF,count=547,z_bytes=18,msg_bytes=16,out_bits=512,start_cycle=121059,done_cycle=121312,cycles=253,throughput_mbps=50.592885
PERF,count=548,z_bytes=19,msg_bytes=16,out_bits=512,start_cycle=121315,done_cycle=121568,cycles=253,throughput_mbps=50.592885
PERF,count=549,z_bytes=20,msg_bytes=16,out_bits=512,start_cycle=121571,done_cycle=121824,cycles=253,throughput_mbps=50.592885
PERF,count=550,z_bytes=21,msg_bytes=16,out_bits=512,start_cycle=121827,done_cycle=122080,cycles=253,throughput_mbps=50.592885
PERF,count=551,z_bytes=22,msg_bytes=16,out_bits=512,start_cycle=122083,done_cycle=122336,cycles=253,throughput_mbps=50.592885
PERF,count=552,z_bytes=23,msg_bytes=16,out_bits=512,start_cycle=122339,done_cycle=122592,cycles=253,throughput_mbps=50.592885
PERF,count=553,z_bytes=24,msg_bytes=16,out_bits=512,start_cycle=122595,done_cycle=122866,cycles=271,throughput_mbps=47.232472
PERF,count=554,z_bytes=25,msg_bytes=16,out_bits=512,start_cycle=122869,done_cycle=123140,cycles=271,throughput_mbps=47.232472
PERF,count=555,z_bytes=26,msg_bytes=16,out_bits=512,start_cycle=123143,done_cycle=123414,cycles=271,throughput_mbps=47.232472
PERF,count=556,z_bytes=27,msg_bytes=16,out_bits=512,start_cycle=123417,done_cycle=123688,cycles=271,throughput_mbps=47.232472
PERF,count=557,z_bytes=28,msg_bytes=16,out_bits=512,start_cycle=123691,done_cycle=123962,cycles=271,throughput_mbps=47.232472
PERF,count=558,z_bytes=29,msg_bytes=16,out_bits=512,start_cycle=123965,done_cycle=124236,cycles=271,throughput_mbps=47.232472
PERF,count=559,z_bytes=30,msg_bytes=16,out_bits=512,start_cycle=124239,done_cycle=124510,cycles=271,throughput_mbps=47.232472
PERF,count=560,z_bytes=31,msg_bytes=16,out_bits=512,start_cycle=124513,done_cycle=124784,cycles=271,throughput_mbps=47.232472
PERF,count=561,z_bytes=32,msg_bytes=16,out_bits=512,start_cycle=124787,done_cycle=125076,cycles=289,throughput_mbps=44.290657
PERF,count=562,z_bytes=0,msg_bytes=17,out_bits=512,start_cycle=125079,done_cycle=125296,cycles=217,throughput_mbps=62.672811
PERF,count=563,z_bytes=1,msg_bytes=17,out_bits=512,start_cycle=125299,done_cycle=125516,cycles=217,throughput_mbps=62.672811
PERF,count=564,z_bytes=2,msg_bytes=17,out_bits=512,start_cycle=125519,done_cycle=125736,cycles=217,throughput_mbps=62.672811
PERF,count=565,z_bytes=3,msg_bytes=17,out_bits=512,start_cycle=125739,done_cycle=125956,cycles=217,throughput_mbps=62.672811
PERF,count=566,z_bytes=4,msg_bytes=17,out_bits=512,start_cycle=125959,done_cycle=126176,cycles=217,throughput_mbps=62.672811
PERF,count=567,z_bytes=5,msg_bytes=17,out_bits=512,start_cycle=126179,done_cycle=126396,cycles=217,throughput_mbps=62.672811
PERF,count=568,z_bytes=6,msg_bytes=17,out_bits=512,start_cycle=126399,done_cycle=126616,cycles=217,throughput_mbps=62.672811
PERF,count=569,z_bytes=7,msg_bytes=17,out_bits=512,start_cycle=126619,done_cycle=126836,cycles=217,throughput_mbps=62.672811
PERF,count=570,z_bytes=8,msg_bytes=17,out_bits=512,start_cycle=126839,done_cycle=127074,cycles=235,throughput_mbps=57.872340
PERF,count=571,z_bytes=9,msg_bytes=17,out_bits=512,start_cycle=127077,done_cycle=127312,cycles=235,throughput_mbps=57.872340
PERF,count=572,z_bytes=10,msg_bytes=17,out_bits=512,start_cycle=127315,done_cycle=127550,cycles=235,throughput_mbps=57.872340
PERF,count=573,z_bytes=11,msg_bytes=17,out_bits=512,start_cycle=127553,done_cycle=127788,cycles=235,throughput_mbps=57.872340
PERF,count=574,z_bytes=12,msg_bytes=17,out_bits=512,start_cycle=127791,done_cycle=128026,cycles=235,throughput_mbps=57.872340
PERF,count=575,z_bytes=13,msg_bytes=17,out_bits=512,start_cycle=128029,done_cycle=128264,cycles=235,throughput_mbps=57.872340
PERF,count=576,z_bytes=14,msg_bytes=17,out_bits=512,start_cycle=128267,done_cycle=128502,cycles=235,throughput_mbps=57.872340
PERF,count=577,z_bytes=15,msg_bytes=17,out_bits=512,start_cycle=128505,done_cycle=128740,cycles=235,throughput_mbps=57.872340
PERF,count=578,z_bytes=16,msg_bytes=17,out_bits=512,start_cycle=128743,done_cycle=128996,cycles=253,throughput_mbps=53.754941
PERF,count=579,z_bytes=17,msg_bytes=17,out_bits=512,start_cycle=128999,done_cycle=129252,cycles=253,throughput_mbps=53.754941
PERF,count=580,z_bytes=18,msg_bytes=17,out_bits=512,start_cycle=129255,done_cycle=129508,cycles=253,throughput_mbps=53.754941
PERF,count=581,z_bytes=19,msg_bytes=17,out_bits=512,start_cycle=129511,done_cycle=129764,cycles=253,throughput_mbps=53.754941
PERF,count=582,z_bytes=20,msg_bytes=17,out_bits=512,start_cycle=129767,done_cycle=130020,cycles=253,throughput_mbps=53.754941
PERF,count=583,z_bytes=21,msg_bytes=17,out_bits=512,start_cycle=130023,done_cycle=130276,cycles=253,throughput_mbps=53.754941
PERF,count=584,z_bytes=22,msg_bytes=17,out_bits=512,start_cycle=130279,done_cycle=130532,cycles=253,throughput_mbps=53.754941
PERF,count=585,z_bytes=23,msg_bytes=17,out_bits=512,start_cycle=130535,done_cycle=130788,cycles=253,throughput_mbps=53.754941
PERF,count=586,z_bytes=24,msg_bytes=17,out_bits=512,start_cycle=130791,done_cycle=131062,cycles=271,throughput_mbps=50.184502
PERF,count=587,z_bytes=25,msg_bytes=17,out_bits=512,start_cycle=131065,done_cycle=131336,cycles=271,throughput_mbps=50.184502
PERF,count=588,z_bytes=26,msg_bytes=17,out_bits=512,start_cycle=131339,done_cycle=131610,cycles=271,throughput_mbps=50.184502
PERF,count=589,z_bytes=27,msg_bytes=17,out_bits=512,start_cycle=131613,done_cycle=131884,cycles=271,throughput_mbps=50.184502
PERF,count=590,z_bytes=28,msg_bytes=17,out_bits=512,start_cycle=131887,done_cycle=132158,cycles=271,throughput_mbps=50.184502
PERF,count=591,z_bytes=29,msg_bytes=17,out_bits=512,start_cycle=132161,done_cycle=132432,cycles=271,throughput_mbps=50.184502
PERF,count=592,z_bytes=30,msg_bytes=17,out_bits=512,start_cycle=132435,done_cycle=132706,cycles=271,throughput_mbps=50.184502
PERF,count=593,z_bytes=31,msg_bytes=17,out_bits=512,start_cycle=132709,done_cycle=132980,cycles=271,throughput_mbps=50.184502
PERF,count=594,z_bytes=32,msg_bytes=17,out_bits=512,start_cycle=132983,done_cycle=133272,cycles=289,throughput_mbps=47.058824
PERF,count=595,z_bytes=0,msg_bytes=18,out_bits=512,start_cycle=133275,done_cycle=133492,cycles=217,throughput_mbps=66.359447
PERF,count=596,z_bytes=1,msg_bytes=18,out_bits=512,start_cycle=133495,done_cycle=133712,cycles=217,throughput_mbps=66.359447
PERF,count=597,z_bytes=2,msg_bytes=18,out_bits=512,start_cycle=133715,done_cycle=133932,cycles=217,throughput_mbps=66.359447
PERF,count=598,z_bytes=3,msg_bytes=18,out_bits=512,start_cycle=133935,done_cycle=134152,cycles=217,throughput_mbps=66.359447
PERF,count=599,z_bytes=4,msg_bytes=18,out_bits=512,start_cycle=134155,done_cycle=134372,cycles=217,throughput_mbps=66.359447
PERF,count=600,z_bytes=5,msg_bytes=18,out_bits=512,start_cycle=134375,done_cycle=134592,cycles=217,throughput_mbps=66.359447
PASS through Count 600
PERF,count=601,z_bytes=6,msg_bytes=18,out_bits=512,start_cycle=134595,done_cycle=134812,cycles=217,throughput_mbps=66.359447
PERF,count=602,z_bytes=7,msg_bytes=18,out_bits=512,start_cycle=134815,done_cycle=135032,cycles=217,throughput_mbps=66.359447
PERF,count=603,z_bytes=8,msg_bytes=18,out_bits=512,start_cycle=135035,done_cycle=135270,cycles=235,throughput_mbps=61.276596
PERF,count=604,z_bytes=9,msg_bytes=18,out_bits=512,start_cycle=135273,done_cycle=135508,cycles=235,throughput_mbps=61.276596
PERF,count=605,z_bytes=10,msg_bytes=18,out_bits=512,start_cycle=135511,done_cycle=135746,cycles=235,throughput_mbps=61.276596
PERF,count=606,z_bytes=11,msg_bytes=18,out_bits=512,start_cycle=135749,done_cycle=135984,cycles=235,throughput_mbps=61.276596
PERF,count=607,z_bytes=12,msg_bytes=18,out_bits=512,start_cycle=135987,done_cycle=136222,cycles=235,throughput_mbps=61.276596
PERF,count=608,z_bytes=13,msg_bytes=18,out_bits=512,start_cycle=136225,done_cycle=136460,cycles=235,throughput_mbps=61.276596
PERF,count=609,z_bytes=14,msg_bytes=18,out_bits=512,start_cycle=136463,done_cycle=136698,cycles=235,throughput_mbps=61.276596
PERF,count=610,z_bytes=15,msg_bytes=18,out_bits=512,start_cycle=136701,done_cycle=136936,cycles=235,throughput_mbps=61.276596
PERF,count=611,z_bytes=16,msg_bytes=18,out_bits=512,start_cycle=136939,done_cycle=137192,cycles=253,throughput_mbps=56.916996
PERF,count=612,z_bytes=17,msg_bytes=18,out_bits=512,start_cycle=137195,done_cycle=137448,cycles=253,throughput_mbps=56.916996
PERF,count=613,z_bytes=18,msg_bytes=18,out_bits=512,start_cycle=137451,done_cycle=137704,cycles=253,throughput_mbps=56.916996
PERF,count=614,z_bytes=19,msg_bytes=18,out_bits=512,start_cycle=137707,done_cycle=137960,cycles=253,throughput_mbps=56.916996
PERF,count=615,z_bytes=20,msg_bytes=18,out_bits=512,start_cycle=137963,done_cycle=138216,cycles=253,throughput_mbps=56.916996
PERF,count=616,z_bytes=21,msg_bytes=18,out_bits=512,start_cycle=138219,done_cycle=138472,cycles=253,throughput_mbps=56.916996
PERF,count=617,z_bytes=22,msg_bytes=18,out_bits=512,start_cycle=138475,done_cycle=138728,cycles=253,throughput_mbps=56.916996
PERF,count=618,z_bytes=23,msg_bytes=18,out_bits=512,start_cycle=138731,done_cycle=138984,cycles=253,throughput_mbps=56.916996
PERF,count=619,z_bytes=24,msg_bytes=18,out_bits=512,start_cycle=138987,done_cycle=139258,cycles=271,throughput_mbps=53.136531
PERF,count=620,z_bytes=25,msg_bytes=18,out_bits=512,start_cycle=139261,done_cycle=139532,cycles=271,throughput_mbps=53.136531
PERF,count=621,z_bytes=26,msg_bytes=18,out_bits=512,start_cycle=139535,done_cycle=139806,cycles=271,throughput_mbps=53.136531
PERF,count=622,z_bytes=27,msg_bytes=18,out_bits=512,start_cycle=139809,done_cycle=140080,cycles=271,throughput_mbps=53.136531
PERF,count=623,z_bytes=28,msg_bytes=18,out_bits=512,start_cycle=140083,done_cycle=140354,cycles=271,throughput_mbps=53.136531
PERF,count=624,z_bytes=29,msg_bytes=18,out_bits=512,start_cycle=140357,done_cycle=140628,cycles=271,throughput_mbps=53.136531
PERF,count=625,z_bytes=30,msg_bytes=18,out_bits=512,start_cycle=140631,done_cycle=140902,cycles=271,throughput_mbps=53.136531
PERF,count=626,z_bytes=31,msg_bytes=18,out_bits=512,start_cycle=140905,done_cycle=141176,cycles=271,throughput_mbps=53.136531
PERF,count=627,z_bytes=32,msg_bytes=18,out_bits=512,start_cycle=141179,done_cycle=141468,cycles=289,throughput_mbps=49.826990
PERF,count=628,z_bytes=0,msg_bytes=19,out_bits=512,start_cycle=141471,done_cycle=141688,cycles=217,throughput_mbps=70.046083
PERF,count=629,z_bytes=1,msg_bytes=19,out_bits=512,start_cycle=141691,done_cycle=141908,cycles=217,throughput_mbps=70.046083
PERF,count=630,z_bytes=2,msg_bytes=19,out_bits=512,start_cycle=141911,done_cycle=142128,cycles=217,throughput_mbps=70.046083
PERF,count=631,z_bytes=3,msg_bytes=19,out_bits=512,start_cycle=142131,done_cycle=142348,cycles=217,throughput_mbps=70.046083
PERF,count=632,z_bytes=4,msg_bytes=19,out_bits=512,start_cycle=142351,done_cycle=142568,cycles=217,throughput_mbps=70.046083
PERF,count=633,z_bytes=5,msg_bytes=19,out_bits=512,start_cycle=142571,done_cycle=142788,cycles=217,throughput_mbps=70.046083
PERF,count=634,z_bytes=6,msg_bytes=19,out_bits=512,start_cycle=142791,done_cycle=143008,cycles=217,throughput_mbps=70.046083
PERF,count=635,z_bytes=7,msg_bytes=19,out_bits=512,start_cycle=143011,done_cycle=143228,cycles=217,throughput_mbps=70.046083
PERF,count=636,z_bytes=8,msg_bytes=19,out_bits=512,start_cycle=143231,done_cycle=143466,cycles=235,throughput_mbps=64.680851
PERF,count=637,z_bytes=9,msg_bytes=19,out_bits=512,start_cycle=143469,done_cycle=143704,cycles=235,throughput_mbps=64.680851
PERF,count=638,z_bytes=10,msg_bytes=19,out_bits=512,start_cycle=143707,done_cycle=143942,cycles=235,throughput_mbps=64.680851
PERF,count=639,z_bytes=11,msg_bytes=19,out_bits=512,start_cycle=143945,done_cycle=144180,cycles=235,throughput_mbps=64.680851
PERF,count=640,z_bytes=12,msg_bytes=19,out_bits=512,start_cycle=144183,done_cycle=144418,cycles=235,throughput_mbps=64.680851
PERF,count=641,z_bytes=13,msg_bytes=19,out_bits=512,start_cycle=144421,done_cycle=144656,cycles=235,throughput_mbps=64.680851
PERF,count=642,z_bytes=14,msg_bytes=19,out_bits=512,start_cycle=144659,done_cycle=144894,cycles=235,throughput_mbps=64.680851
PERF,count=643,z_bytes=15,msg_bytes=19,out_bits=512,start_cycle=144897,done_cycle=145132,cycles=235,throughput_mbps=64.680851
PERF,count=644,z_bytes=16,msg_bytes=19,out_bits=512,start_cycle=145135,done_cycle=145388,cycles=253,throughput_mbps=60.079051
PERF,count=645,z_bytes=17,msg_bytes=19,out_bits=512,start_cycle=145391,done_cycle=145644,cycles=253,throughput_mbps=60.079051
PERF,count=646,z_bytes=18,msg_bytes=19,out_bits=512,start_cycle=145647,done_cycle=145900,cycles=253,throughput_mbps=60.079051
PERF,count=647,z_bytes=19,msg_bytes=19,out_bits=512,start_cycle=145903,done_cycle=146156,cycles=253,throughput_mbps=60.079051
PERF,count=648,z_bytes=20,msg_bytes=19,out_bits=512,start_cycle=146159,done_cycle=146412,cycles=253,throughput_mbps=60.079051
PERF,count=649,z_bytes=21,msg_bytes=19,out_bits=512,start_cycle=146415,done_cycle=146668,cycles=253,throughput_mbps=60.079051
PERF,count=650,z_bytes=22,msg_bytes=19,out_bits=512,start_cycle=146671,done_cycle=146924,cycles=253,throughput_mbps=60.079051
PERF,count=651,z_bytes=23,msg_bytes=19,out_bits=512,start_cycle=146927,done_cycle=147180,cycles=253,throughput_mbps=60.079051
PERF,count=652,z_bytes=24,msg_bytes=19,out_bits=512,start_cycle=147183,done_cycle=147454,cycles=271,throughput_mbps=56.088561
PERF,count=653,z_bytes=25,msg_bytes=19,out_bits=512,start_cycle=147457,done_cycle=147728,cycles=271,throughput_mbps=56.088561
PERF,count=654,z_bytes=26,msg_bytes=19,out_bits=512,start_cycle=147731,done_cycle=148002,cycles=271,throughput_mbps=56.088561
PERF,count=655,z_bytes=27,msg_bytes=19,out_bits=512,start_cycle=148005,done_cycle=148276,cycles=271,throughput_mbps=56.088561
PERF,count=656,z_bytes=28,msg_bytes=19,out_bits=512,start_cycle=148279,done_cycle=148550,cycles=271,throughput_mbps=56.088561
PERF,count=657,z_bytes=29,msg_bytes=19,out_bits=512,start_cycle=148553,done_cycle=148824,cycles=271,throughput_mbps=56.088561
PERF,count=658,z_bytes=30,msg_bytes=19,out_bits=512,start_cycle=148827,done_cycle=149098,cycles=271,throughput_mbps=56.088561
PERF,count=659,z_bytes=31,msg_bytes=19,out_bits=512,start_cycle=149101,done_cycle=149372,cycles=271,throughput_mbps=56.088561
PERF,count=660,z_bytes=32,msg_bytes=19,out_bits=512,start_cycle=149375,done_cycle=149664,cycles=289,throughput_mbps=52.595156
PERF,count=661,z_bytes=0,msg_bytes=20,out_bits=512,start_cycle=149667,done_cycle=149884,cycles=217,throughput_mbps=73.732719
PERF,count=662,z_bytes=1,msg_bytes=20,out_bits=512,start_cycle=149887,done_cycle=150104,cycles=217,throughput_mbps=73.732719
PERF,count=663,z_bytes=2,msg_bytes=20,out_bits=512,start_cycle=150107,done_cycle=150324,cycles=217,throughput_mbps=73.732719
PERF,count=664,z_bytes=3,msg_bytes=20,out_bits=512,start_cycle=150327,done_cycle=150544,cycles=217,throughput_mbps=73.732719
PERF,count=665,z_bytes=4,msg_bytes=20,out_bits=512,start_cycle=150547,done_cycle=150764,cycles=217,throughput_mbps=73.732719
PERF,count=666,z_bytes=5,msg_bytes=20,out_bits=512,start_cycle=150767,done_cycle=150984,cycles=217,throughput_mbps=73.732719
PERF,count=667,z_bytes=6,msg_bytes=20,out_bits=512,start_cycle=150987,done_cycle=151204,cycles=217,throughput_mbps=73.732719
PERF,count=668,z_bytes=7,msg_bytes=20,out_bits=512,start_cycle=151207,done_cycle=151424,cycles=217,throughput_mbps=73.732719
PERF,count=669,z_bytes=8,msg_bytes=20,out_bits=512,start_cycle=151427,done_cycle=151662,cycles=235,throughput_mbps=68.085106
PERF,count=670,z_bytes=9,msg_bytes=20,out_bits=512,start_cycle=151665,done_cycle=151900,cycles=235,throughput_mbps=68.085106
PERF,count=671,z_bytes=10,msg_bytes=20,out_bits=512,start_cycle=151903,done_cycle=152138,cycles=235,throughput_mbps=68.085106
PERF,count=672,z_bytes=11,msg_bytes=20,out_bits=512,start_cycle=152141,done_cycle=152376,cycles=235,throughput_mbps=68.085106
PERF,count=673,z_bytes=12,msg_bytes=20,out_bits=512,start_cycle=152379,done_cycle=152614,cycles=235,throughput_mbps=68.085106
PERF,count=674,z_bytes=13,msg_bytes=20,out_bits=512,start_cycle=152617,done_cycle=152852,cycles=235,throughput_mbps=68.085106
PERF,count=675,z_bytes=14,msg_bytes=20,out_bits=512,start_cycle=152855,done_cycle=153090,cycles=235,throughput_mbps=68.085106
PERF,count=676,z_bytes=15,msg_bytes=20,out_bits=512,start_cycle=153093,done_cycle=153328,cycles=235,throughput_mbps=68.085106
PERF,count=677,z_bytes=16,msg_bytes=20,out_bits=512,start_cycle=153331,done_cycle=153584,cycles=253,throughput_mbps=63.241107
PERF,count=678,z_bytes=17,msg_bytes=20,out_bits=512,start_cycle=153587,done_cycle=153840,cycles=253,throughput_mbps=63.241107
PERF,count=679,z_bytes=18,msg_bytes=20,out_bits=512,start_cycle=153843,done_cycle=154096,cycles=253,throughput_mbps=63.241107
PERF,count=680,z_bytes=19,msg_bytes=20,out_bits=512,start_cycle=154099,done_cycle=154352,cycles=253,throughput_mbps=63.241107
PERF,count=681,z_bytes=20,msg_bytes=20,out_bits=512,start_cycle=154355,done_cycle=154608,cycles=253,throughput_mbps=63.241107
PERF,count=682,z_bytes=21,msg_bytes=20,out_bits=512,start_cycle=154611,done_cycle=154864,cycles=253,throughput_mbps=63.241107
PERF,count=683,z_bytes=22,msg_bytes=20,out_bits=512,start_cycle=154867,done_cycle=155120,cycles=253,throughput_mbps=63.241107
PERF,count=684,z_bytes=23,msg_bytes=20,out_bits=512,start_cycle=155123,done_cycle=155376,cycles=253,throughput_mbps=63.241107
PERF,count=685,z_bytes=24,msg_bytes=20,out_bits=512,start_cycle=155379,done_cycle=155650,cycles=271,throughput_mbps=59.040590
PERF,count=686,z_bytes=25,msg_bytes=20,out_bits=512,start_cycle=155653,done_cycle=155924,cycles=271,throughput_mbps=59.040590
PERF,count=687,z_bytes=26,msg_bytes=20,out_bits=512,start_cycle=155927,done_cycle=156198,cycles=271,throughput_mbps=59.040590
PERF,count=688,z_bytes=27,msg_bytes=20,out_bits=512,start_cycle=156201,done_cycle=156472,cycles=271,throughput_mbps=59.040590
PERF,count=689,z_bytes=28,msg_bytes=20,out_bits=512,start_cycle=156475,done_cycle=156746,cycles=271,throughput_mbps=59.040590
PERF,count=690,z_bytes=29,msg_bytes=20,out_bits=512,start_cycle=156749,done_cycle=157020,cycles=271,throughput_mbps=59.040590
PERF,count=691,z_bytes=30,msg_bytes=20,out_bits=512,start_cycle=157023,done_cycle=157294,cycles=271,throughput_mbps=59.040590
PERF,count=692,z_bytes=31,msg_bytes=20,out_bits=512,start_cycle=157297,done_cycle=157568,cycles=271,throughput_mbps=59.040590
PERF,count=693,z_bytes=32,msg_bytes=20,out_bits=512,start_cycle=157571,done_cycle=157860,cycles=289,throughput_mbps=55.363322
PERF,count=694,z_bytes=0,msg_bytes=21,out_bits=512,start_cycle=157863,done_cycle=158080,cycles=217,throughput_mbps=77.419355
PERF,count=695,z_bytes=1,msg_bytes=21,out_bits=512,start_cycle=158083,done_cycle=158300,cycles=217,throughput_mbps=77.419355
PERF,count=696,z_bytes=2,msg_bytes=21,out_bits=512,start_cycle=158303,done_cycle=158520,cycles=217,throughput_mbps=77.419355
PERF,count=697,z_bytes=3,msg_bytes=21,out_bits=512,start_cycle=158523,done_cycle=158740,cycles=217,throughput_mbps=77.419355
PERF,count=698,z_bytes=4,msg_bytes=21,out_bits=512,start_cycle=158743,done_cycle=158960,cycles=217,throughput_mbps=77.419355
PERF,count=699,z_bytes=5,msg_bytes=21,out_bits=512,start_cycle=158963,done_cycle=159180,cycles=217,throughput_mbps=77.419355
PERF,count=700,z_bytes=6,msg_bytes=21,out_bits=512,start_cycle=159183,done_cycle=159400,cycles=217,throughput_mbps=77.419355
PASS through Count 700
PERF,count=701,z_bytes=7,msg_bytes=21,out_bits=512,start_cycle=159403,done_cycle=159620,cycles=217,throughput_mbps=77.419355
PERF,count=702,z_bytes=8,msg_bytes=21,out_bits=512,start_cycle=159623,done_cycle=159858,cycles=235,throughput_mbps=71.489362
PERF,count=703,z_bytes=9,msg_bytes=21,out_bits=512,start_cycle=159861,done_cycle=160096,cycles=235,throughput_mbps=71.489362
PERF,count=704,z_bytes=10,msg_bytes=21,out_bits=512,start_cycle=160099,done_cycle=160334,cycles=235,throughput_mbps=71.489362
PERF,count=705,z_bytes=11,msg_bytes=21,out_bits=512,start_cycle=160337,done_cycle=160572,cycles=235,throughput_mbps=71.489362
PERF,count=706,z_bytes=12,msg_bytes=21,out_bits=512,start_cycle=160575,done_cycle=160810,cycles=235,throughput_mbps=71.489362
PERF,count=707,z_bytes=13,msg_bytes=21,out_bits=512,start_cycle=160813,done_cycle=161048,cycles=235,throughput_mbps=71.489362
PERF,count=708,z_bytes=14,msg_bytes=21,out_bits=512,start_cycle=161051,done_cycle=161286,cycles=235,throughput_mbps=71.489362
PERF,count=709,z_bytes=15,msg_bytes=21,out_bits=512,start_cycle=161289,done_cycle=161524,cycles=235,throughput_mbps=71.489362
PERF,count=710,z_bytes=16,msg_bytes=21,out_bits=512,start_cycle=161527,done_cycle=161780,cycles=253,throughput_mbps=66.403162
PERF,count=711,z_bytes=17,msg_bytes=21,out_bits=512,start_cycle=161783,done_cycle=162036,cycles=253,throughput_mbps=66.403162
PERF,count=712,z_bytes=18,msg_bytes=21,out_bits=512,start_cycle=162039,done_cycle=162292,cycles=253,throughput_mbps=66.403162
PERF,count=713,z_bytes=19,msg_bytes=21,out_bits=512,start_cycle=162295,done_cycle=162548,cycles=253,throughput_mbps=66.403162
PERF,count=714,z_bytes=20,msg_bytes=21,out_bits=512,start_cycle=162551,done_cycle=162804,cycles=253,throughput_mbps=66.403162
PERF,count=715,z_bytes=21,msg_bytes=21,out_bits=512,start_cycle=162807,done_cycle=163060,cycles=253,throughput_mbps=66.403162
PERF,count=716,z_bytes=22,msg_bytes=21,out_bits=512,start_cycle=163063,done_cycle=163316,cycles=253,throughput_mbps=66.403162
PERF,count=717,z_bytes=23,msg_bytes=21,out_bits=512,start_cycle=163319,done_cycle=163572,cycles=253,throughput_mbps=66.403162
PERF,count=718,z_bytes=24,msg_bytes=21,out_bits=512,start_cycle=163575,done_cycle=163846,cycles=271,throughput_mbps=61.992620
PERF,count=719,z_bytes=25,msg_bytes=21,out_bits=512,start_cycle=163849,done_cycle=164120,cycles=271,throughput_mbps=61.992620
PERF,count=720,z_bytes=26,msg_bytes=21,out_bits=512,start_cycle=164123,done_cycle=164394,cycles=271,throughput_mbps=61.992620
PERF,count=721,z_bytes=27,msg_bytes=21,out_bits=512,start_cycle=164397,done_cycle=164668,cycles=271,throughput_mbps=61.992620
PERF,count=722,z_bytes=28,msg_bytes=21,out_bits=512,start_cycle=164671,done_cycle=164942,cycles=271,throughput_mbps=61.992620
PERF,count=723,z_bytes=29,msg_bytes=21,out_bits=512,start_cycle=164945,done_cycle=165216,cycles=271,throughput_mbps=61.992620
PERF,count=724,z_bytes=30,msg_bytes=21,out_bits=512,start_cycle=165219,done_cycle=165490,cycles=271,throughput_mbps=61.992620
PERF,count=725,z_bytes=31,msg_bytes=21,out_bits=512,start_cycle=165493,done_cycle=165764,cycles=271,throughput_mbps=61.992620
PERF,count=726,z_bytes=32,msg_bytes=21,out_bits=512,start_cycle=165767,done_cycle=166056,cycles=289,throughput_mbps=58.131488
PERF,count=727,z_bytes=0,msg_bytes=22,out_bits=512,start_cycle=166059,done_cycle=166276,cycles=217,throughput_mbps=81.105991
PERF,count=728,z_bytes=1,msg_bytes=22,out_bits=512,start_cycle=166279,done_cycle=166496,cycles=217,throughput_mbps=81.105991
PERF,count=729,z_bytes=2,msg_bytes=22,out_bits=512,start_cycle=166499,done_cycle=166716,cycles=217,throughput_mbps=81.105991
PERF,count=730,z_bytes=3,msg_bytes=22,out_bits=512,start_cycle=166719,done_cycle=166936,cycles=217,throughput_mbps=81.105991
PERF,count=731,z_bytes=4,msg_bytes=22,out_bits=512,start_cycle=166939,done_cycle=167156,cycles=217,throughput_mbps=81.105991
PERF,count=732,z_bytes=5,msg_bytes=22,out_bits=512,start_cycle=167159,done_cycle=167376,cycles=217,throughput_mbps=81.105991
PERF,count=733,z_bytes=6,msg_bytes=22,out_bits=512,start_cycle=167379,done_cycle=167596,cycles=217,throughput_mbps=81.105991
PERF,count=734,z_bytes=7,msg_bytes=22,out_bits=512,start_cycle=167599,done_cycle=167816,cycles=217,throughput_mbps=81.105991
PERF,count=735,z_bytes=8,msg_bytes=22,out_bits=512,start_cycle=167819,done_cycle=168054,cycles=235,throughput_mbps=74.893617
PERF,count=736,z_bytes=9,msg_bytes=22,out_bits=512,start_cycle=168057,done_cycle=168292,cycles=235,throughput_mbps=74.893617
PERF,count=737,z_bytes=10,msg_bytes=22,out_bits=512,start_cycle=168295,done_cycle=168530,cycles=235,throughput_mbps=74.893617
PERF,count=738,z_bytes=11,msg_bytes=22,out_bits=512,start_cycle=168533,done_cycle=168768,cycles=235,throughput_mbps=74.893617
PERF,count=739,z_bytes=12,msg_bytes=22,out_bits=512,start_cycle=168771,done_cycle=169006,cycles=235,throughput_mbps=74.893617
PERF,count=740,z_bytes=13,msg_bytes=22,out_bits=512,start_cycle=169009,done_cycle=169244,cycles=235,throughput_mbps=74.893617
PERF,count=741,z_bytes=14,msg_bytes=22,out_bits=512,start_cycle=169247,done_cycle=169482,cycles=235,throughput_mbps=74.893617
PERF,count=742,z_bytes=15,msg_bytes=22,out_bits=512,start_cycle=169485,done_cycle=169720,cycles=235,throughput_mbps=74.893617
PERF,count=743,z_bytes=16,msg_bytes=22,out_bits=512,start_cycle=169723,done_cycle=169976,cycles=253,throughput_mbps=69.565217
PERF,count=744,z_bytes=17,msg_bytes=22,out_bits=512,start_cycle=169979,done_cycle=170232,cycles=253,throughput_mbps=69.565217
PERF,count=745,z_bytes=18,msg_bytes=22,out_bits=512,start_cycle=170235,done_cycle=170488,cycles=253,throughput_mbps=69.565217
PERF,count=746,z_bytes=19,msg_bytes=22,out_bits=512,start_cycle=170491,done_cycle=170744,cycles=253,throughput_mbps=69.565217
PERF,count=747,z_bytes=20,msg_bytes=22,out_bits=512,start_cycle=170747,done_cycle=171000,cycles=253,throughput_mbps=69.565217
PERF,count=748,z_bytes=21,msg_bytes=22,out_bits=512,start_cycle=171003,done_cycle=171256,cycles=253,throughput_mbps=69.565217
PERF,count=749,z_bytes=22,msg_bytes=22,out_bits=512,start_cycle=171259,done_cycle=171512,cycles=253,throughput_mbps=69.565217
PERF,count=750,z_bytes=23,msg_bytes=22,out_bits=512,start_cycle=171515,done_cycle=171768,cycles=253,throughput_mbps=69.565217
PERF,count=751,z_bytes=24,msg_bytes=22,out_bits=512,start_cycle=171771,done_cycle=172042,cycles=271,throughput_mbps=64.944649
PERF,count=752,z_bytes=25,msg_bytes=22,out_bits=512,start_cycle=172045,done_cycle=172316,cycles=271,throughput_mbps=64.944649
PERF,count=753,z_bytes=26,msg_bytes=22,out_bits=512,start_cycle=172319,done_cycle=172590,cycles=271,throughput_mbps=64.944649
PERF,count=754,z_bytes=27,msg_bytes=22,out_bits=512,start_cycle=172593,done_cycle=172864,cycles=271,throughput_mbps=64.944649
PERF,count=755,z_bytes=28,msg_bytes=22,out_bits=512,start_cycle=172867,done_cycle=173138,cycles=271,throughput_mbps=64.944649
PERF,count=756,z_bytes=29,msg_bytes=22,out_bits=512,start_cycle=173141,done_cycle=173412,cycles=271,throughput_mbps=64.944649
PERF,count=757,z_bytes=30,msg_bytes=22,out_bits=512,start_cycle=173415,done_cycle=173686,cycles=271,throughput_mbps=64.944649
PERF,count=758,z_bytes=31,msg_bytes=22,out_bits=512,start_cycle=173689,done_cycle=173960,cycles=271,throughput_mbps=64.944649
PERF,count=759,z_bytes=32,msg_bytes=22,out_bits=512,start_cycle=173963,done_cycle=174252,cycles=289,throughput_mbps=60.899654
PERF,count=760,z_bytes=0,msg_bytes=23,out_bits=512,start_cycle=174255,done_cycle=174472,cycles=217,throughput_mbps=84.792627
PERF,count=761,z_bytes=1,msg_bytes=23,out_bits=512,start_cycle=174475,done_cycle=174692,cycles=217,throughput_mbps=84.792627
PERF,count=762,z_bytes=2,msg_bytes=23,out_bits=512,start_cycle=174695,done_cycle=174912,cycles=217,throughput_mbps=84.792627
PERF,count=763,z_bytes=3,msg_bytes=23,out_bits=512,start_cycle=174915,done_cycle=175132,cycles=217,throughput_mbps=84.792627
PERF,count=764,z_bytes=4,msg_bytes=23,out_bits=512,start_cycle=175135,done_cycle=175352,cycles=217,throughput_mbps=84.792627
PERF,count=765,z_bytes=5,msg_bytes=23,out_bits=512,start_cycle=175355,done_cycle=175572,cycles=217,throughput_mbps=84.792627
PERF,count=766,z_bytes=6,msg_bytes=23,out_bits=512,start_cycle=175575,done_cycle=175792,cycles=217,throughput_mbps=84.792627
PERF,count=767,z_bytes=7,msg_bytes=23,out_bits=512,start_cycle=175795,done_cycle=176012,cycles=217,throughput_mbps=84.792627
PERF,count=768,z_bytes=8,msg_bytes=23,out_bits=512,start_cycle=176015,done_cycle=176250,cycles=235,throughput_mbps=78.297872
PERF,count=769,z_bytes=9,msg_bytes=23,out_bits=512,start_cycle=176253,done_cycle=176488,cycles=235,throughput_mbps=78.297872
PERF,count=770,z_bytes=10,msg_bytes=23,out_bits=512,start_cycle=176491,done_cycle=176726,cycles=235,throughput_mbps=78.297872
PERF,count=771,z_bytes=11,msg_bytes=23,out_bits=512,start_cycle=176729,done_cycle=176964,cycles=235,throughput_mbps=78.297872
PERF,count=772,z_bytes=12,msg_bytes=23,out_bits=512,start_cycle=176967,done_cycle=177202,cycles=235,throughput_mbps=78.297872
PERF,count=773,z_bytes=13,msg_bytes=23,out_bits=512,start_cycle=177205,done_cycle=177440,cycles=235,throughput_mbps=78.297872
PERF,count=774,z_bytes=14,msg_bytes=23,out_bits=512,start_cycle=177443,done_cycle=177678,cycles=235,throughput_mbps=78.297872
PERF,count=775,z_bytes=15,msg_bytes=23,out_bits=512,start_cycle=177681,done_cycle=177916,cycles=235,throughput_mbps=78.297872
PERF,count=776,z_bytes=16,msg_bytes=23,out_bits=512,start_cycle=177919,done_cycle=178172,cycles=253,throughput_mbps=72.727273
PERF,count=777,z_bytes=17,msg_bytes=23,out_bits=512,start_cycle=178175,done_cycle=178428,cycles=253,throughput_mbps=72.727273
PERF,count=778,z_bytes=18,msg_bytes=23,out_bits=512,start_cycle=178431,done_cycle=178684,cycles=253,throughput_mbps=72.727273
PERF,count=779,z_bytes=19,msg_bytes=23,out_bits=512,start_cycle=178687,done_cycle=178940,cycles=253,throughput_mbps=72.727273
PERF,count=780,z_bytes=20,msg_bytes=23,out_bits=512,start_cycle=178943,done_cycle=179196,cycles=253,throughput_mbps=72.727273
PERF,count=781,z_bytes=21,msg_bytes=23,out_bits=512,start_cycle=179199,done_cycle=179452,cycles=253,throughput_mbps=72.727273
PERF,count=782,z_bytes=22,msg_bytes=23,out_bits=512,start_cycle=179455,done_cycle=179708,cycles=253,throughput_mbps=72.727273
PERF,count=783,z_bytes=23,msg_bytes=23,out_bits=512,start_cycle=179711,done_cycle=179964,cycles=253,throughput_mbps=72.727273
PERF,count=784,z_bytes=24,msg_bytes=23,out_bits=512,start_cycle=179967,done_cycle=180238,cycles=271,throughput_mbps=67.896679
PERF,count=785,z_bytes=25,msg_bytes=23,out_bits=512,start_cycle=180241,done_cycle=180512,cycles=271,throughput_mbps=67.896679
PERF,count=786,z_bytes=26,msg_bytes=23,out_bits=512,start_cycle=180515,done_cycle=180786,cycles=271,throughput_mbps=67.896679
PERF,count=787,z_bytes=27,msg_bytes=23,out_bits=512,start_cycle=180789,done_cycle=181060,cycles=271,throughput_mbps=67.896679
PERF,count=788,z_bytes=28,msg_bytes=23,out_bits=512,start_cycle=181063,done_cycle=181334,cycles=271,throughput_mbps=67.896679
PERF,count=789,z_bytes=29,msg_bytes=23,out_bits=512,start_cycle=181337,done_cycle=181608,cycles=271,throughput_mbps=67.896679
PERF,count=790,z_bytes=30,msg_bytes=23,out_bits=512,start_cycle=181611,done_cycle=181882,cycles=271,throughput_mbps=67.896679
PERF,count=791,z_bytes=31,msg_bytes=23,out_bits=512,start_cycle=181885,done_cycle=182156,cycles=271,throughput_mbps=67.896679
PERF,count=792,z_bytes=32,msg_bytes=23,out_bits=512,start_cycle=182159,done_cycle=182448,cycles=289,throughput_mbps=63.667820
PERF,count=793,z_bytes=0,msg_bytes=24,out_bits=512,start_cycle=182451,done_cycle=182686,cycles=235,throughput_mbps=81.702128
PERF,count=794,z_bytes=1,msg_bytes=24,out_bits=512,start_cycle=182689,done_cycle=182924,cycles=235,throughput_mbps=81.702128
PERF,count=795,z_bytes=2,msg_bytes=24,out_bits=512,start_cycle=182927,done_cycle=183162,cycles=235,throughput_mbps=81.702128
PERF,count=796,z_bytes=3,msg_bytes=24,out_bits=512,start_cycle=183165,done_cycle=183400,cycles=235,throughput_mbps=81.702128
PERF,count=797,z_bytes=4,msg_bytes=24,out_bits=512,start_cycle=183403,done_cycle=183638,cycles=235,throughput_mbps=81.702128
PERF,count=798,z_bytes=5,msg_bytes=24,out_bits=512,start_cycle=183641,done_cycle=183876,cycles=235,throughput_mbps=81.702128
PERF,count=799,z_bytes=6,msg_bytes=24,out_bits=512,start_cycle=183879,done_cycle=184114,cycles=235,throughput_mbps=81.702128
PERF,count=800,z_bytes=7,msg_bytes=24,out_bits=512,start_cycle=184117,done_cycle=184352,cycles=235,throughput_mbps=81.702128
PASS through Count 800
PERF,count=801,z_bytes=8,msg_bytes=24,out_bits=512,start_cycle=184355,done_cycle=184608,cycles=253,throughput_mbps=75.889328
PERF,count=802,z_bytes=9,msg_bytes=24,out_bits=512,start_cycle=184611,done_cycle=184864,cycles=253,throughput_mbps=75.889328
PERF,count=803,z_bytes=10,msg_bytes=24,out_bits=512,start_cycle=184867,done_cycle=185120,cycles=253,throughput_mbps=75.889328
PERF,count=804,z_bytes=11,msg_bytes=24,out_bits=512,start_cycle=185123,done_cycle=185376,cycles=253,throughput_mbps=75.889328
PERF,count=805,z_bytes=12,msg_bytes=24,out_bits=512,start_cycle=185379,done_cycle=185632,cycles=253,throughput_mbps=75.889328
PERF,count=806,z_bytes=13,msg_bytes=24,out_bits=512,start_cycle=185635,done_cycle=185888,cycles=253,throughput_mbps=75.889328
PERF,count=807,z_bytes=14,msg_bytes=24,out_bits=512,start_cycle=185891,done_cycle=186144,cycles=253,throughput_mbps=75.889328
PERF,count=808,z_bytes=15,msg_bytes=24,out_bits=512,start_cycle=186147,done_cycle=186400,cycles=253,throughput_mbps=75.889328
PERF,count=809,z_bytes=16,msg_bytes=24,out_bits=512,start_cycle=186403,done_cycle=186674,cycles=271,throughput_mbps=70.848708
PERF,count=810,z_bytes=17,msg_bytes=24,out_bits=512,start_cycle=186677,done_cycle=186948,cycles=271,throughput_mbps=70.848708
PERF,count=811,z_bytes=18,msg_bytes=24,out_bits=512,start_cycle=186951,done_cycle=187222,cycles=271,throughput_mbps=70.848708
PERF,count=812,z_bytes=19,msg_bytes=24,out_bits=512,start_cycle=187225,done_cycle=187496,cycles=271,throughput_mbps=70.848708
PERF,count=813,z_bytes=20,msg_bytes=24,out_bits=512,start_cycle=187499,done_cycle=187770,cycles=271,throughput_mbps=70.848708
PERF,count=814,z_bytes=21,msg_bytes=24,out_bits=512,start_cycle=187773,done_cycle=188044,cycles=271,throughput_mbps=70.848708
PERF,count=815,z_bytes=22,msg_bytes=24,out_bits=512,start_cycle=188047,done_cycle=188318,cycles=271,throughput_mbps=70.848708
PERF,count=816,z_bytes=23,msg_bytes=24,out_bits=512,start_cycle=188321,done_cycle=188592,cycles=271,throughput_mbps=70.848708
PERF,count=817,z_bytes=24,msg_bytes=24,out_bits=512,start_cycle=188595,done_cycle=188884,cycles=289,throughput_mbps=66.435986
PERF,count=818,z_bytes=25,msg_bytes=24,out_bits=512,start_cycle=188887,done_cycle=189176,cycles=289,throughput_mbps=66.435986
PERF,count=819,z_bytes=26,msg_bytes=24,out_bits=512,start_cycle=189179,done_cycle=189468,cycles=289,throughput_mbps=66.435986
PERF,count=820,z_bytes=27,msg_bytes=24,out_bits=512,start_cycle=189471,done_cycle=189760,cycles=289,throughput_mbps=66.435986
PERF,count=821,z_bytes=28,msg_bytes=24,out_bits=512,start_cycle=189763,done_cycle=190052,cycles=289,throughput_mbps=66.435986
PERF,count=822,z_bytes=29,msg_bytes=24,out_bits=512,start_cycle=190055,done_cycle=190344,cycles=289,throughput_mbps=66.435986
PERF,count=823,z_bytes=30,msg_bytes=24,out_bits=512,start_cycle=190347,done_cycle=190636,cycles=289,throughput_mbps=66.435986
PERF,count=824,z_bytes=31,msg_bytes=24,out_bits=512,start_cycle=190639,done_cycle=190928,cycles=289,throughput_mbps=66.435986
PERF,count=825,z_bytes=32,msg_bytes=24,out_bits=512,start_cycle=190931,done_cycle=191238,cycles=307,throughput_mbps=62.540717
PERF,count=826,z_bytes=0,msg_bytes=25,out_bits=512,start_cycle=191241,done_cycle=191476,cycles=235,throughput_mbps=85.106383
PERF,count=827,z_bytes=1,msg_bytes=25,out_bits=512,start_cycle=191479,done_cycle=191714,cycles=235,throughput_mbps=85.106383
PERF,count=828,z_bytes=2,msg_bytes=25,out_bits=512,start_cycle=191717,done_cycle=191952,cycles=235,throughput_mbps=85.106383
PERF,count=829,z_bytes=3,msg_bytes=25,out_bits=512,start_cycle=191955,done_cycle=192190,cycles=235,throughput_mbps=85.106383
PERF,count=830,z_bytes=4,msg_bytes=25,out_bits=512,start_cycle=192193,done_cycle=192428,cycles=235,throughput_mbps=85.106383
PERF,count=831,z_bytes=5,msg_bytes=25,out_bits=512,start_cycle=192431,done_cycle=192666,cycles=235,throughput_mbps=85.106383
PERF,count=832,z_bytes=6,msg_bytes=25,out_bits=512,start_cycle=192669,done_cycle=192904,cycles=235,throughput_mbps=85.106383
PERF,count=833,z_bytes=7,msg_bytes=25,out_bits=512,start_cycle=192907,done_cycle=193142,cycles=235,throughput_mbps=85.106383
PERF,count=834,z_bytes=8,msg_bytes=25,out_bits=512,start_cycle=193145,done_cycle=193398,cycles=253,throughput_mbps=79.051383
PERF,count=835,z_bytes=9,msg_bytes=25,out_bits=512,start_cycle=193401,done_cycle=193654,cycles=253,throughput_mbps=79.051383
PERF,count=836,z_bytes=10,msg_bytes=25,out_bits=512,start_cycle=193657,done_cycle=193910,cycles=253,throughput_mbps=79.051383
PERF,count=837,z_bytes=11,msg_bytes=25,out_bits=512,start_cycle=193913,done_cycle=194166,cycles=253,throughput_mbps=79.051383
PERF,count=838,z_bytes=12,msg_bytes=25,out_bits=512,start_cycle=194169,done_cycle=194422,cycles=253,throughput_mbps=79.051383
PERF,count=839,z_bytes=13,msg_bytes=25,out_bits=512,start_cycle=194425,done_cycle=194678,cycles=253,throughput_mbps=79.051383
PERF,count=840,z_bytes=14,msg_bytes=25,out_bits=512,start_cycle=194681,done_cycle=194934,cycles=253,throughput_mbps=79.051383
PERF,count=841,z_bytes=15,msg_bytes=25,out_bits=512,start_cycle=194937,done_cycle=195190,cycles=253,throughput_mbps=79.051383
PERF,count=842,z_bytes=16,msg_bytes=25,out_bits=512,start_cycle=195193,done_cycle=195464,cycles=271,throughput_mbps=73.800738
PERF,count=843,z_bytes=17,msg_bytes=25,out_bits=512,start_cycle=195467,done_cycle=195738,cycles=271,throughput_mbps=73.800738
PERF,count=844,z_bytes=18,msg_bytes=25,out_bits=512,start_cycle=195741,done_cycle=196012,cycles=271,throughput_mbps=73.800738
PERF,count=845,z_bytes=19,msg_bytes=25,out_bits=512,start_cycle=196015,done_cycle=196286,cycles=271,throughput_mbps=73.800738
PERF,count=846,z_bytes=20,msg_bytes=25,out_bits=512,start_cycle=196289,done_cycle=196560,cycles=271,throughput_mbps=73.800738
PERF,count=847,z_bytes=21,msg_bytes=25,out_bits=512,start_cycle=196563,done_cycle=196834,cycles=271,throughput_mbps=73.800738
PERF,count=848,z_bytes=22,msg_bytes=25,out_bits=512,start_cycle=196837,done_cycle=197108,cycles=271,throughput_mbps=73.800738
PERF,count=849,z_bytes=23,msg_bytes=25,out_bits=512,start_cycle=197111,done_cycle=197382,cycles=271,throughput_mbps=73.800738
PERF,count=850,z_bytes=24,msg_bytes=25,out_bits=512,start_cycle=197385,done_cycle=197674,cycles=289,throughput_mbps=69.204152
PERF,count=851,z_bytes=25,msg_bytes=25,out_bits=512,start_cycle=197677,done_cycle=197966,cycles=289,throughput_mbps=69.204152
PERF,count=852,z_bytes=26,msg_bytes=25,out_bits=512,start_cycle=197969,done_cycle=198258,cycles=289,throughput_mbps=69.204152
PERF,count=853,z_bytes=27,msg_bytes=25,out_bits=512,start_cycle=198261,done_cycle=198550,cycles=289,throughput_mbps=69.204152
PERF,count=854,z_bytes=28,msg_bytes=25,out_bits=512,start_cycle=198553,done_cycle=198842,cycles=289,throughput_mbps=69.204152
PERF,count=855,z_bytes=29,msg_bytes=25,out_bits=512,start_cycle=198845,done_cycle=199134,cycles=289,throughput_mbps=69.204152
PERF,count=856,z_bytes=30,msg_bytes=25,out_bits=512,start_cycle=199137,done_cycle=199426,cycles=289,throughput_mbps=69.204152
PERF,count=857,z_bytes=31,msg_bytes=25,out_bits=512,start_cycle=199429,done_cycle=199718,cycles=289,throughput_mbps=69.204152
PERF,count=858,z_bytes=32,msg_bytes=25,out_bits=512,start_cycle=199721,done_cycle=200028,cycles=307,throughput_mbps=65.146580
PERF,count=859,z_bytes=0,msg_bytes=26,out_bits=512,start_cycle=200031,done_cycle=200266,cycles=235,throughput_mbps=88.510638
PERF,count=860,z_bytes=1,msg_bytes=26,out_bits=512,start_cycle=200269,done_cycle=200504,cycles=235,throughput_mbps=88.510638
PERF,count=861,z_bytes=2,msg_bytes=26,out_bits=512,start_cycle=200507,done_cycle=200742,cycles=235,throughput_mbps=88.510638
PERF,count=862,z_bytes=3,msg_bytes=26,out_bits=512,start_cycle=200745,done_cycle=200980,cycles=235,throughput_mbps=88.510638
PERF,count=863,z_bytes=4,msg_bytes=26,out_bits=512,start_cycle=200983,done_cycle=201218,cycles=235,throughput_mbps=88.510638
PERF,count=864,z_bytes=5,msg_bytes=26,out_bits=512,start_cycle=201221,done_cycle=201456,cycles=235,throughput_mbps=88.510638
PERF,count=865,z_bytes=6,msg_bytes=26,out_bits=512,start_cycle=201459,done_cycle=201694,cycles=235,throughput_mbps=88.510638
PERF,count=866,z_bytes=7,msg_bytes=26,out_bits=512,start_cycle=201697,done_cycle=201932,cycles=235,throughput_mbps=88.510638
PERF,count=867,z_bytes=8,msg_bytes=26,out_bits=512,start_cycle=201935,done_cycle=202188,cycles=253,throughput_mbps=82.213439
PERF,count=868,z_bytes=9,msg_bytes=26,out_bits=512,start_cycle=202191,done_cycle=202444,cycles=253,throughput_mbps=82.213439
PERF,count=869,z_bytes=10,msg_bytes=26,out_bits=512,start_cycle=202447,done_cycle=202700,cycles=253,throughput_mbps=82.213439
PERF,count=870,z_bytes=11,msg_bytes=26,out_bits=512,start_cycle=202703,done_cycle=202956,cycles=253,throughput_mbps=82.213439
PERF,count=871,z_bytes=12,msg_bytes=26,out_bits=512,start_cycle=202959,done_cycle=203212,cycles=253,throughput_mbps=82.213439
PERF,count=872,z_bytes=13,msg_bytes=26,out_bits=512,start_cycle=203215,done_cycle=203468,cycles=253,throughput_mbps=82.213439
PERF,count=873,z_bytes=14,msg_bytes=26,out_bits=512,start_cycle=203471,done_cycle=203724,cycles=253,throughput_mbps=82.213439
PERF,count=874,z_bytes=15,msg_bytes=26,out_bits=512,start_cycle=203727,done_cycle=203980,cycles=253,throughput_mbps=82.213439
PERF,count=875,z_bytes=16,msg_bytes=26,out_bits=512,start_cycle=203983,done_cycle=204254,cycles=271,throughput_mbps=76.752768
PERF,count=876,z_bytes=17,msg_bytes=26,out_bits=512,start_cycle=204257,done_cycle=204528,cycles=271,throughput_mbps=76.752768
PERF,count=877,z_bytes=18,msg_bytes=26,out_bits=512,start_cycle=204531,done_cycle=204802,cycles=271,throughput_mbps=76.752768
PERF,count=878,z_bytes=19,msg_bytes=26,out_bits=512,start_cycle=204805,done_cycle=205076,cycles=271,throughput_mbps=76.752768
PERF,count=879,z_bytes=20,msg_bytes=26,out_bits=512,start_cycle=205079,done_cycle=205350,cycles=271,throughput_mbps=76.752768
PERF,count=880,z_bytes=21,msg_bytes=26,out_bits=512,start_cycle=205353,done_cycle=205624,cycles=271,throughput_mbps=76.752768
PERF,count=881,z_bytes=22,msg_bytes=26,out_bits=512,start_cycle=205627,done_cycle=205898,cycles=271,throughput_mbps=76.752768
PERF,count=882,z_bytes=23,msg_bytes=26,out_bits=512,start_cycle=205901,done_cycle=206172,cycles=271,throughput_mbps=76.752768
PERF,count=883,z_bytes=24,msg_bytes=26,out_bits=512,start_cycle=206175,done_cycle=206464,cycles=289,throughput_mbps=71.972318
PERF,count=884,z_bytes=25,msg_bytes=26,out_bits=512,start_cycle=206467,done_cycle=206756,cycles=289,throughput_mbps=71.972318
PERF,count=885,z_bytes=26,msg_bytes=26,out_bits=512,start_cycle=206759,done_cycle=207048,cycles=289,throughput_mbps=71.972318
PERF,count=886,z_bytes=27,msg_bytes=26,out_bits=512,start_cycle=207051,done_cycle=207340,cycles=289,throughput_mbps=71.972318
PERF,count=887,z_bytes=28,msg_bytes=26,out_bits=512,start_cycle=207343,done_cycle=207632,cycles=289,throughput_mbps=71.972318
PERF,count=888,z_bytes=29,msg_bytes=26,out_bits=512,start_cycle=207635,done_cycle=207924,cycles=289,throughput_mbps=71.972318
PERF,count=889,z_bytes=30,msg_bytes=26,out_bits=512,start_cycle=207927,done_cycle=208216,cycles=289,throughput_mbps=71.972318
PERF,count=890,z_bytes=31,msg_bytes=26,out_bits=512,start_cycle=208219,done_cycle=208508,cycles=289,throughput_mbps=71.972318
PERF,count=891,z_bytes=32,msg_bytes=26,out_bits=512,start_cycle=208511,done_cycle=208818,cycles=307,throughput_mbps=67.752443
PERF,count=892,z_bytes=0,msg_bytes=27,out_bits=512,start_cycle=208821,done_cycle=209056,cycles=235,throughput_mbps=91.914894
PERF,count=893,z_bytes=1,msg_bytes=27,out_bits=512,start_cycle=209059,done_cycle=209294,cycles=235,throughput_mbps=91.914894
PERF,count=894,z_bytes=2,msg_bytes=27,out_bits=512,start_cycle=209297,done_cycle=209532,cycles=235,throughput_mbps=91.914894
PERF,count=895,z_bytes=3,msg_bytes=27,out_bits=512,start_cycle=209535,done_cycle=209770,cycles=235,throughput_mbps=91.914894
PERF,count=896,z_bytes=4,msg_bytes=27,out_bits=512,start_cycle=209773,done_cycle=210008,cycles=235,throughput_mbps=91.914894
PERF,count=897,z_bytes=5,msg_bytes=27,out_bits=512,start_cycle=210011,done_cycle=210246,cycles=235,throughput_mbps=91.914894
PERF,count=898,z_bytes=6,msg_bytes=27,out_bits=512,start_cycle=210249,done_cycle=210484,cycles=235,throughput_mbps=91.914894
PERF,count=899,z_bytes=7,msg_bytes=27,out_bits=512,start_cycle=210487,done_cycle=210722,cycles=235,throughput_mbps=91.914894
PERF,count=900,z_bytes=8,msg_bytes=27,out_bits=512,start_cycle=210725,done_cycle=210978,cycles=253,throughput_mbps=85.375494
PASS through Count 900
PERF,count=901,z_bytes=9,msg_bytes=27,out_bits=512,start_cycle=210981,done_cycle=211234,cycles=253,throughput_mbps=85.375494
PERF,count=902,z_bytes=10,msg_bytes=27,out_bits=512,start_cycle=211237,done_cycle=211490,cycles=253,throughput_mbps=85.375494
PERF,count=903,z_bytes=11,msg_bytes=27,out_bits=512,start_cycle=211493,done_cycle=211746,cycles=253,throughput_mbps=85.375494
PERF,count=904,z_bytes=12,msg_bytes=27,out_bits=512,start_cycle=211749,done_cycle=212002,cycles=253,throughput_mbps=85.375494
PERF,count=905,z_bytes=13,msg_bytes=27,out_bits=512,start_cycle=212005,done_cycle=212258,cycles=253,throughput_mbps=85.375494
PERF,count=906,z_bytes=14,msg_bytes=27,out_bits=512,start_cycle=212261,done_cycle=212514,cycles=253,throughput_mbps=85.375494
PERF,count=907,z_bytes=15,msg_bytes=27,out_bits=512,start_cycle=212517,done_cycle=212770,cycles=253,throughput_mbps=85.375494
PERF,count=908,z_bytes=16,msg_bytes=27,out_bits=512,start_cycle=212773,done_cycle=213044,cycles=271,throughput_mbps=79.704797
PERF,count=909,z_bytes=17,msg_bytes=27,out_bits=512,start_cycle=213047,done_cycle=213318,cycles=271,throughput_mbps=79.704797
PERF,count=910,z_bytes=18,msg_bytes=27,out_bits=512,start_cycle=213321,done_cycle=213592,cycles=271,throughput_mbps=79.704797
PERF,count=911,z_bytes=19,msg_bytes=27,out_bits=512,start_cycle=213595,done_cycle=213866,cycles=271,throughput_mbps=79.704797
PERF,count=912,z_bytes=20,msg_bytes=27,out_bits=512,start_cycle=213869,done_cycle=214140,cycles=271,throughput_mbps=79.704797
PERF,count=913,z_bytes=21,msg_bytes=27,out_bits=512,start_cycle=214143,done_cycle=214414,cycles=271,throughput_mbps=79.704797
PERF,count=914,z_bytes=22,msg_bytes=27,out_bits=512,start_cycle=214417,done_cycle=214688,cycles=271,throughput_mbps=79.704797
PERF,count=915,z_bytes=23,msg_bytes=27,out_bits=512,start_cycle=214691,done_cycle=214962,cycles=271,throughput_mbps=79.704797
PERF,count=916,z_bytes=24,msg_bytes=27,out_bits=512,start_cycle=214965,done_cycle=215254,cycles=289,throughput_mbps=74.740484
PERF,count=917,z_bytes=25,msg_bytes=27,out_bits=512,start_cycle=215257,done_cycle=215546,cycles=289,throughput_mbps=74.740484
PERF,count=918,z_bytes=26,msg_bytes=27,out_bits=512,start_cycle=215549,done_cycle=215838,cycles=289,throughput_mbps=74.740484
PERF,count=919,z_bytes=27,msg_bytes=27,out_bits=512,start_cycle=215841,done_cycle=216130,cycles=289,throughput_mbps=74.740484
PERF,count=920,z_bytes=28,msg_bytes=27,out_bits=512,start_cycle=216133,done_cycle=216422,cycles=289,throughput_mbps=74.740484
PERF,count=921,z_bytes=29,msg_bytes=27,out_bits=512,start_cycle=216425,done_cycle=216714,cycles=289,throughput_mbps=74.740484
PERF,count=922,z_bytes=30,msg_bytes=27,out_bits=512,start_cycle=216717,done_cycle=217006,cycles=289,throughput_mbps=74.740484
PERF,count=923,z_bytes=31,msg_bytes=27,out_bits=512,start_cycle=217009,done_cycle=217298,cycles=289,throughput_mbps=74.740484
PERF,count=924,z_bytes=32,msg_bytes=27,out_bits=512,start_cycle=217301,done_cycle=217608,cycles=307,throughput_mbps=70.358306
PERF,count=925,z_bytes=0,msg_bytes=28,out_bits=512,start_cycle=217611,done_cycle=217846,cycles=235,throughput_mbps=95.319149
PERF,count=926,z_bytes=1,msg_bytes=28,out_bits=512,start_cycle=217849,done_cycle=218084,cycles=235,throughput_mbps=95.319149
PERF,count=927,z_bytes=2,msg_bytes=28,out_bits=512,start_cycle=218087,done_cycle=218322,cycles=235,throughput_mbps=95.319149
PERF,count=928,z_bytes=3,msg_bytes=28,out_bits=512,start_cycle=218325,done_cycle=218560,cycles=235,throughput_mbps=95.319149
PERF,count=929,z_bytes=4,msg_bytes=28,out_bits=512,start_cycle=218563,done_cycle=218798,cycles=235,throughput_mbps=95.319149
PERF,count=930,z_bytes=5,msg_bytes=28,out_bits=512,start_cycle=218801,done_cycle=219036,cycles=235,throughput_mbps=95.319149
PERF,count=931,z_bytes=6,msg_bytes=28,out_bits=512,start_cycle=219039,done_cycle=219274,cycles=235,throughput_mbps=95.319149
PERF,count=932,z_bytes=7,msg_bytes=28,out_bits=512,start_cycle=219277,done_cycle=219512,cycles=235,throughput_mbps=95.319149
PERF,count=933,z_bytes=8,msg_bytes=28,out_bits=512,start_cycle=219515,done_cycle=219768,cycles=253,throughput_mbps=88.537549
PERF,count=934,z_bytes=9,msg_bytes=28,out_bits=512,start_cycle=219771,done_cycle=220024,cycles=253,throughput_mbps=88.537549
PERF,count=935,z_bytes=10,msg_bytes=28,out_bits=512,start_cycle=220027,done_cycle=220280,cycles=253,throughput_mbps=88.537549
PERF,count=936,z_bytes=11,msg_bytes=28,out_bits=512,start_cycle=220283,done_cycle=220536,cycles=253,throughput_mbps=88.537549
PERF,count=937,z_bytes=12,msg_bytes=28,out_bits=512,start_cycle=220539,done_cycle=220792,cycles=253,throughput_mbps=88.537549
PERF,count=938,z_bytes=13,msg_bytes=28,out_bits=512,start_cycle=220795,done_cycle=221048,cycles=253,throughput_mbps=88.537549
PERF,count=939,z_bytes=14,msg_bytes=28,out_bits=512,start_cycle=221051,done_cycle=221304,cycles=253,throughput_mbps=88.537549
PERF,count=940,z_bytes=15,msg_bytes=28,out_bits=512,start_cycle=221307,done_cycle=221560,cycles=253,throughput_mbps=88.537549
PERF,count=941,z_bytes=16,msg_bytes=28,out_bits=512,start_cycle=221563,done_cycle=221834,cycles=271,throughput_mbps=82.656827
PERF,count=942,z_bytes=17,msg_bytes=28,out_bits=512,start_cycle=221837,done_cycle=222108,cycles=271,throughput_mbps=82.656827
PERF,count=943,z_bytes=18,msg_bytes=28,out_bits=512,start_cycle=222111,done_cycle=222382,cycles=271,throughput_mbps=82.656827
PERF,count=944,z_bytes=19,msg_bytes=28,out_bits=512,start_cycle=222385,done_cycle=222656,cycles=271,throughput_mbps=82.656827
PERF,count=945,z_bytes=20,msg_bytes=28,out_bits=512,start_cycle=222659,done_cycle=222930,cycles=271,throughput_mbps=82.656827
PERF,count=946,z_bytes=21,msg_bytes=28,out_bits=512,start_cycle=222933,done_cycle=223204,cycles=271,throughput_mbps=82.656827
PERF,count=947,z_bytes=22,msg_bytes=28,out_bits=512,start_cycle=223207,done_cycle=223478,cycles=271,throughput_mbps=82.656827
PERF,count=948,z_bytes=23,msg_bytes=28,out_bits=512,start_cycle=223481,done_cycle=223752,cycles=271,throughput_mbps=82.656827
PERF,count=949,z_bytes=24,msg_bytes=28,out_bits=512,start_cycle=223755,done_cycle=224044,cycles=289,throughput_mbps=77.508651
PERF,count=950,z_bytes=25,msg_bytes=28,out_bits=512,start_cycle=224047,done_cycle=224336,cycles=289,throughput_mbps=77.508651
PERF,count=951,z_bytes=26,msg_bytes=28,out_bits=512,start_cycle=224339,done_cycle=224628,cycles=289,throughput_mbps=77.508651
PERF,count=952,z_bytes=27,msg_bytes=28,out_bits=512,start_cycle=224631,done_cycle=224920,cycles=289,throughput_mbps=77.508651
PERF,count=953,z_bytes=28,msg_bytes=28,out_bits=512,start_cycle=224923,done_cycle=225212,cycles=289,throughput_mbps=77.508651
PERF,count=954,z_bytes=29,msg_bytes=28,out_bits=512,start_cycle=225215,done_cycle=225504,cycles=289,throughput_mbps=77.508651
PERF,count=955,z_bytes=30,msg_bytes=28,out_bits=512,start_cycle=225507,done_cycle=225796,cycles=289,throughput_mbps=77.508651
PERF,count=956,z_bytes=31,msg_bytes=28,out_bits=512,start_cycle=225799,done_cycle=226088,cycles=289,throughput_mbps=77.508651
PERF,count=957,z_bytes=32,msg_bytes=28,out_bits=512,start_cycle=226091,done_cycle=226398,cycles=307,throughput_mbps=72.964169
PERF,count=958,z_bytes=0,msg_bytes=29,out_bits=512,start_cycle=226401,done_cycle=226636,cycles=235,throughput_mbps=98.723404
PERF,count=959,z_bytes=1,msg_bytes=29,out_bits=512,start_cycle=226639,done_cycle=226874,cycles=235,throughput_mbps=98.723404
PERF,count=960,z_bytes=2,msg_bytes=29,out_bits=512,start_cycle=226877,done_cycle=227112,cycles=235,throughput_mbps=98.723404
PERF,count=961,z_bytes=3,msg_bytes=29,out_bits=512,start_cycle=227115,done_cycle=227350,cycles=235,throughput_mbps=98.723404
PERF,count=962,z_bytes=4,msg_bytes=29,out_bits=512,start_cycle=227353,done_cycle=227588,cycles=235,throughput_mbps=98.723404
PERF,count=963,z_bytes=5,msg_bytes=29,out_bits=512,start_cycle=227591,done_cycle=227826,cycles=235,throughput_mbps=98.723404
PERF,count=964,z_bytes=6,msg_bytes=29,out_bits=512,start_cycle=227829,done_cycle=228064,cycles=235,throughput_mbps=98.723404
PERF,count=965,z_bytes=7,msg_bytes=29,out_bits=512,start_cycle=228067,done_cycle=228302,cycles=235,throughput_mbps=98.723404
PERF,count=966,z_bytes=8,msg_bytes=29,out_bits=512,start_cycle=228305,done_cycle=228558,cycles=253,throughput_mbps=91.699605
PERF,count=967,z_bytes=9,msg_bytes=29,out_bits=512,start_cycle=228561,done_cycle=228814,cycles=253,throughput_mbps=91.699605
PERF,count=968,z_bytes=10,msg_bytes=29,out_bits=512,start_cycle=228817,done_cycle=229070,cycles=253,throughput_mbps=91.699605
PERF,count=969,z_bytes=11,msg_bytes=29,out_bits=512,start_cycle=229073,done_cycle=229326,cycles=253,throughput_mbps=91.699605
PERF,count=970,z_bytes=12,msg_bytes=29,out_bits=512,start_cycle=229329,done_cycle=229582,cycles=253,throughput_mbps=91.699605
PERF,count=971,z_bytes=13,msg_bytes=29,out_bits=512,start_cycle=229585,done_cycle=229838,cycles=253,throughput_mbps=91.699605
PERF,count=972,z_bytes=14,msg_bytes=29,out_bits=512,start_cycle=229841,done_cycle=230094,cycles=253,throughput_mbps=91.699605
PERF,count=973,z_bytes=15,msg_bytes=29,out_bits=512,start_cycle=230097,done_cycle=230350,cycles=253,throughput_mbps=91.699605
PERF,count=974,z_bytes=16,msg_bytes=29,out_bits=512,start_cycle=230353,done_cycle=230624,cycles=271,throughput_mbps=85.608856
PERF,count=975,z_bytes=17,msg_bytes=29,out_bits=512,start_cycle=230627,done_cycle=230898,cycles=271,throughput_mbps=85.608856
PERF,count=976,z_bytes=18,msg_bytes=29,out_bits=512,start_cycle=230901,done_cycle=231172,cycles=271,throughput_mbps=85.608856
PERF,count=977,z_bytes=19,msg_bytes=29,out_bits=512,start_cycle=231175,done_cycle=231446,cycles=271,throughput_mbps=85.608856
PERF,count=978,z_bytes=20,msg_bytes=29,out_bits=512,start_cycle=231449,done_cycle=231720,cycles=271,throughput_mbps=85.608856
PERF,count=979,z_bytes=21,msg_bytes=29,out_bits=512,start_cycle=231723,done_cycle=231994,cycles=271,throughput_mbps=85.608856
PERF,count=980,z_bytes=22,msg_bytes=29,out_bits=512,start_cycle=231997,done_cycle=232268,cycles=271,throughput_mbps=85.608856
PERF,count=981,z_bytes=23,msg_bytes=29,out_bits=512,start_cycle=232271,done_cycle=232542,cycles=271,throughput_mbps=85.608856
PERF,count=982,z_bytes=24,msg_bytes=29,out_bits=512,start_cycle=232545,done_cycle=232834,cycles=289,throughput_mbps=80.276817
PERF,count=983,z_bytes=25,msg_bytes=29,out_bits=512,start_cycle=232837,done_cycle=233126,cycles=289,throughput_mbps=80.276817
PERF,count=984,z_bytes=26,msg_bytes=29,out_bits=512,start_cycle=233129,done_cycle=233418,cycles=289,throughput_mbps=80.276817
PERF,count=985,z_bytes=27,msg_bytes=29,out_bits=512,start_cycle=233421,done_cycle=233710,cycles=289,throughput_mbps=80.276817
PERF,count=986,z_bytes=28,msg_bytes=29,out_bits=512,start_cycle=233713,done_cycle=234002,cycles=289,throughput_mbps=80.276817
PERF,count=987,z_bytes=29,msg_bytes=29,out_bits=512,start_cycle=234005,done_cycle=234294,cycles=289,throughput_mbps=80.276817
PERF,count=988,z_bytes=30,msg_bytes=29,out_bits=512,start_cycle=234297,done_cycle=234586,cycles=289,throughput_mbps=80.276817
PERF,count=989,z_bytes=31,msg_bytes=29,out_bits=512,start_cycle=234589,done_cycle=234878,cycles=289,throughput_mbps=80.276817
PERF,count=990,z_bytes=32,msg_bytes=29,out_bits=512,start_cycle=234881,done_cycle=235188,cycles=307,throughput_mbps=75.570033
PERF,count=991,z_bytes=0,msg_bytes=30,out_bits=512,start_cycle=235191,done_cycle=235426,cycles=235,throughput_mbps=102.127660
PERF,count=992,z_bytes=1,msg_bytes=30,out_bits=512,start_cycle=235429,done_cycle=235664,cycles=235,throughput_mbps=102.127660
PERF,count=993,z_bytes=2,msg_bytes=30,out_bits=512,start_cycle=235667,done_cycle=235902,cycles=235,throughput_mbps=102.127660
PERF,count=994,z_bytes=3,msg_bytes=30,out_bits=512,start_cycle=235905,done_cycle=236140,cycles=235,throughput_mbps=102.127660
PERF,count=995,z_bytes=4,msg_bytes=30,out_bits=512,start_cycle=236143,done_cycle=236378,cycles=235,throughput_mbps=102.127660
PERF,count=996,z_bytes=5,msg_bytes=30,out_bits=512,start_cycle=236381,done_cycle=236616,cycles=235,throughput_mbps=102.127660
PERF,count=997,z_bytes=6,msg_bytes=30,out_bits=512,start_cycle=236619,done_cycle=236854,cycles=235,throughput_mbps=102.127660
PERF,count=998,z_bytes=7,msg_bytes=30,out_bits=512,start_cycle=236857,done_cycle=237092,cycles=235,throughput_mbps=102.127660
PERF,count=999,z_bytes=8,msg_bytes=30,out_bits=512,start_cycle=237095,done_cycle=237348,cycles=253,throughput_mbps=94.861660
PERF,count=1000,z_bytes=9,msg_bytes=30,out_bits=512,start_cycle=237351,done_cycle=237604,cycles=253,throughput_mbps=94.861660
PASS through Count 1000
PERF,count=1001,z_bytes=10,msg_bytes=30,out_bits=512,start_cycle=237607,done_cycle=237860,cycles=253,throughput_mbps=94.861660
PERF,count=1002,z_bytes=11,msg_bytes=30,out_bits=512,start_cycle=237863,done_cycle=238116,cycles=253,throughput_mbps=94.861660
PERF,count=1003,z_bytes=12,msg_bytes=30,out_bits=512,start_cycle=238119,done_cycle=238372,cycles=253,throughput_mbps=94.861660
PERF,count=1004,z_bytes=13,msg_bytes=30,out_bits=512,start_cycle=238375,done_cycle=238628,cycles=253,throughput_mbps=94.861660
PERF,count=1005,z_bytes=14,msg_bytes=30,out_bits=512,start_cycle=238631,done_cycle=238884,cycles=253,throughput_mbps=94.861660
PERF,count=1006,z_bytes=15,msg_bytes=30,out_bits=512,start_cycle=238887,done_cycle=239140,cycles=253,throughput_mbps=94.861660
PERF,count=1007,z_bytes=16,msg_bytes=30,out_bits=512,start_cycle=239143,done_cycle=239414,cycles=271,throughput_mbps=88.560886
PERF,count=1008,z_bytes=17,msg_bytes=30,out_bits=512,start_cycle=239417,done_cycle=239688,cycles=271,throughput_mbps=88.560886
PERF,count=1009,z_bytes=18,msg_bytes=30,out_bits=512,start_cycle=239691,done_cycle=239962,cycles=271,throughput_mbps=88.560886
PERF,count=1010,z_bytes=19,msg_bytes=30,out_bits=512,start_cycle=239965,done_cycle=240236,cycles=271,throughput_mbps=88.560886
PERF,count=1011,z_bytes=20,msg_bytes=30,out_bits=512,start_cycle=240239,done_cycle=240510,cycles=271,throughput_mbps=88.560886
PERF,count=1012,z_bytes=21,msg_bytes=30,out_bits=512,start_cycle=240513,done_cycle=240784,cycles=271,throughput_mbps=88.560886
PERF,count=1013,z_bytes=22,msg_bytes=30,out_bits=512,start_cycle=240787,done_cycle=241058,cycles=271,throughput_mbps=88.560886
PERF,count=1014,z_bytes=23,msg_bytes=30,out_bits=512,start_cycle=241061,done_cycle=241332,cycles=271,throughput_mbps=88.560886
PERF,count=1015,z_bytes=24,msg_bytes=30,out_bits=512,start_cycle=241335,done_cycle=241624,cycles=289,throughput_mbps=83.044983
PERF,count=1016,z_bytes=25,msg_bytes=30,out_bits=512,start_cycle=241627,done_cycle=241916,cycles=289,throughput_mbps=83.044983
PERF,count=1017,z_bytes=26,msg_bytes=30,out_bits=512,start_cycle=241919,done_cycle=242208,cycles=289,throughput_mbps=83.044983
PERF,count=1018,z_bytes=27,msg_bytes=30,out_bits=512,start_cycle=242211,done_cycle=242500,cycles=289,throughput_mbps=83.044983
PERF,count=1019,z_bytes=28,msg_bytes=30,out_bits=512,start_cycle=242503,done_cycle=242792,cycles=289,throughput_mbps=83.044983
PERF,count=1020,z_bytes=29,msg_bytes=30,out_bits=512,start_cycle=242795,done_cycle=243084,cycles=289,throughput_mbps=83.044983
PERF,count=1021,z_bytes=30,msg_bytes=30,out_bits=512,start_cycle=243087,done_cycle=243376,cycles=289,throughput_mbps=83.044983
PERF,count=1022,z_bytes=31,msg_bytes=30,out_bits=512,start_cycle=243379,done_cycle=243668,cycles=289,throughput_mbps=83.044983
PERF,count=1023,z_bytes=32,msg_bytes=30,out_bits=512,start_cycle=243671,done_cycle=243978,cycles=307,throughput_mbps=78.175896
PERF,count=1024,z_bytes=0,msg_bytes=31,out_bits=512,start_cycle=243981,done_cycle=244216,cycles=235,throughput_mbps=105.531915
PERF,count=1025,z_bytes=1,msg_bytes=31,out_bits=512,start_cycle=244219,done_cycle=244454,cycles=235,throughput_mbps=105.531915
PERF,count=1026,z_bytes=2,msg_bytes=31,out_bits=512,start_cycle=244457,done_cycle=244692,cycles=235,throughput_mbps=105.531915
PERF,count=1027,z_bytes=3,msg_bytes=31,out_bits=512,start_cycle=244695,done_cycle=244930,cycles=235,throughput_mbps=105.531915
PERF,count=1028,z_bytes=4,msg_bytes=31,out_bits=512,start_cycle=244933,done_cycle=245168,cycles=235,throughput_mbps=105.531915
PERF,count=1029,z_bytes=5,msg_bytes=31,out_bits=512,start_cycle=245171,done_cycle=245406,cycles=235,throughput_mbps=105.531915
PERF,count=1030,z_bytes=6,msg_bytes=31,out_bits=512,start_cycle=245409,done_cycle=245644,cycles=235,throughput_mbps=105.531915
PERF,count=1031,z_bytes=7,msg_bytes=31,out_bits=512,start_cycle=245647,done_cycle=245882,cycles=235,throughput_mbps=105.531915
PERF,count=1032,z_bytes=8,msg_bytes=31,out_bits=512,start_cycle=245885,done_cycle=246138,cycles=253,throughput_mbps=98.023715
PERF,count=1033,z_bytes=9,msg_bytes=31,out_bits=512,start_cycle=246141,done_cycle=246394,cycles=253,throughput_mbps=98.023715
PERF,count=1034,z_bytes=10,msg_bytes=31,out_bits=512,start_cycle=246397,done_cycle=246650,cycles=253,throughput_mbps=98.023715
PERF,count=1035,z_bytes=11,msg_bytes=31,out_bits=512,start_cycle=246653,done_cycle=246906,cycles=253,throughput_mbps=98.023715
PERF,count=1036,z_bytes=12,msg_bytes=31,out_bits=512,start_cycle=246909,done_cycle=247162,cycles=253,throughput_mbps=98.023715
PERF,count=1037,z_bytes=13,msg_bytes=31,out_bits=512,start_cycle=247165,done_cycle=247418,cycles=253,throughput_mbps=98.023715
PERF,count=1038,z_bytes=14,msg_bytes=31,out_bits=512,start_cycle=247421,done_cycle=247674,cycles=253,throughput_mbps=98.023715
PERF,count=1039,z_bytes=15,msg_bytes=31,out_bits=512,start_cycle=247677,done_cycle=247930,cycles=253,throughput_mbps=98.023715
PERF,count=1040,z_bytes=16,msg_bytes=31,out_bits=512,start_cycle=247933,done_cycle=248204,cycles=271,throughput_mbps=91.512915
PERF,count=1041,z_bytes=17,msg_bytes=31,out_bits=512,start_cycle=248207,done_cycle=248478,cycles=271,throughput_mbps=91.512915
PERF,count=1042,z_bytes=18,msg_bytes=31,out_bits=512,start_cycle=248481,done_cycle=248752,cycles=271,throughput_mbps=91.512915
PERF,count=1043,z_bytes=19,msg_bytes=31,out_bits=512,start_cycle=248755,done_cycle=249026,cycles=271,throughput_mbps=91.512915
PERF,count=1044,z_bytes=20,msg_bytes=31,out_bits=512,start_cycle=249029,done_cycle=249300,cycles=271,throughput_mbps=91.512915
PERF,count=1045,z_bytes=21,msg_bytes=31,out_bits=512,start_cycle=249303,done_cycle=249574,cycles=271,throughput_mbps=91.512915
PERF,count=1046,z_bytes=22,msg_bytes=31,out_bits=512,start_cycle=249577,done_cycle=249848,cycles=271,throughput_mbps=91.512915
PERF,count=1047,z_bytes=23,msg_bytes=31,out_bits=512,start_cycle=249851,done_cycle=250122,cycles=271,throughput_mbps=91.512915
PERF,count=1048,z_bytes=24,msg_bytes=31,out_bits=512,start_cycle=250125,done_cycle=250414,cycles=289,throughput_mbps=85.813149
PERF,count=1049,z_bytes=25,msg_bytes=31,out_bits=512,start_cycle=250417,done_cycle=250706,cycles=289,throughput_mbps=85.813149
PERF,count=1050,z_bytes=26,msg_bytes=31,out_bits=512,start_cycle=250709,done_cycle=250998,cycles=289,throughput_mbps=85.813149
PERF,count=1051,z_bytes=27,msg_bytes=31,out_bits=512,start_cycle=251001,done_cycle=251290,cycles=289,throughput_mbps=85.813149
PERF,count=1052,z_bytes=28,msg_bytes=31,out_bits=512,start_cycle=251293,done_cycle=251582,cycles=289,throughput_mbps=85.813149
PERF,count=1053,z_bytes=29,msg_bytes=31,out_bits=512,start_cycle=251585,done_cycle=251874,cycles=289,throughput_mbps=85.813149
PERF,count=1054,z_bytes=30,msg_bytes=31,out_bits=512,start_cycle=251877,done_cycle=252166,cycles=289,throughput_mbps=85.813149
PERF,count=1055,z_bytes=31,msg_bytes=31,out_bits=512,start_cycle=252169,done_cycle=252458,cycles=289,throughput_mbps=85.813149
PERF,count=1056,z_bytes=32,msg_bytes=31,out_bits=512,start_cycle=252461,done_cycle=252768,cycles=307,throughput_mbps=80.781759
PERF,count=1057,z_bytes=0,msg_bytes=32,out_bits=512,start_cycle=252771,done_cycle=253024,cycles=253,throughput_mbps=101.185771
PERF,count=1058,z_bytes=1,msg_bytes=32,out_bits=512,start_cycle=253027,done_cycle=253280,cycles=253,throughput_mbps=101.185771
PERF,count=1059,z_bytes=2,msg_bytes=32,out_bits=512,start_cycle=253283,done_cycle=253536,cycles=253,throughput_mbps=101.185771
PERF,count=1060,z_bytes=3,msg_bytes=32,out_bits=512,start_cycle=253539,done_cycle=253792,cycles=253,throughput_mbps=101.185771
PERF,count=1061,z_bytes=4,msg_bytes=32,out_bits=512,start_cycle=253795,done_cycle=254048,cycles=253,throughput_mbps=101.185771
PERF,count=1062,z_bytes=5,msg_bytes=32,out_bits=512,start_cycle=254051,done_cycle=254304,cycles=253,throughput_mbps=101.185771
PERF,count=1063,z_bytes=6,msg_bytes=32,out_bits=512,start_cycle=254307,done_cycle=254560,cycles=253,throughput_mbps=101.185771
PERF,count=1064,z_bytes=7,msg_bytes=32,out_bits=512,start_cycle=254563,done_cycle=254816,cycles=253,throughput_mbps=101.185771
PERF,count=1065,z_bytes=8,msg_bytes=32,out_bits=512,start_cycle=254819,done_cycle=255090,cycles=271,throughput_mbps=94.464945
PERF,count=1066,z_bytes=9,msg_bytes=32,out_bits=512,start_cycle=255093,done_cycle=255364,cycles=271,throughput_mbps=94.464945
PERF,count=1067,z_bytes=10,msg_bytes=32,out_bits=512,start_cycle=255367,done_cycle=255638,cycles=271,throughput_mbps=94.464945
PERF,count=1068,z_bytes=11,msg_bytes=32,out_bits=512,start_cycle=255641,done_cycle=255912,cycles=271,throughput_mbps=94.464945
PERF,count=1069,z_bytes=12,msg_bytes=32,out_bits=512,start_cycle=255915,done_cycle=256186,cycles=271,throughput_mbps=94.464945
PERF,count=1070,z_bytes=13,msg_bytes=32,out_bits=512,start_cycle=256189,done_cycle=256460,cycles=271,throughput_mbps=94.464945
PERF,count=1071,z_bytes=14,msg_bytes=32,out_bits=512,start_cycle=256463,done_cycle=256734,cycles=271,throughput_mbps=94.464945
PERF,count=1072,z_bytes=15,msg_bytes=32,out_bits=512,start_cycle=256737,done_cycle=257008,cycles=271,throughput_mbps=94.464945
PERF,count=1073,z_bytes=16,msg_bytes=32,out_bits=512,start_cycle=257011,done_cycle=257300,cycles=289,throughput_mbps=88.581315
PERF,count=1074,z_bytes=17,msg_bytes=32,out_bits=512,start_cycle=257303,done_cycle=257592,cycles=289,throughput_mbps=88.581315
PERF,count=1075,z_bytes=18,msg_bytes=32,out_bits=512,start_cycle=257595,done_cycle=257884,cycles=289,throughput_mbps=88.581315
PERF,count=1076,z_bytes=19,msg_bytes=32,out_bits=512,start_cycle=257887,done_cycle=258176,cycles=289,throughput_mbps=88.581315
PERF,count=1077,z_bytes=20,msg_bytes=32,out_bits=512,start_cycle=258179,done_cycle=258468,cycles=289,throughput_mbps=88.581315
PERF,count=1078,z_bytes=21,msg_bytes=32,out_bits=512,start_cycle=258471,done_cycle=258760,cycles=289,throughput_mbps=88.581315
PERF,count=1079,z_bytes=22,msg_bytes=32,out_bits=512,start_cycle=258763,done_cycle=259052,cycles=289,throughput_mbps=88.581315
PERF,count=1080,z_bytes=23,msg_bytes=32,out_bits=512,start_cycle=259055,done_cycle=259344,cycles=289,throughput_mbps=88.581315
PERF,count=1081,z_bytes=24,msg_bytes=32,out_bits=512,start_cycle=259347,done_cycle=259654,cycles=307,throughput_mbps=83.387622
PERF,count=1082,z_bytes=25,msg_bytes=32,out_bits=512,start_cycle=259657,done_cycle=259964,cycles=307,throughput_mbps=83.387622
PERF,count=1083,z_bytes=26,msg_bytes=32,out_bits=512,start_cycle=259967,done_cycle=260274,cycles=307,throughput_mbps=83.387622
PERF,count=1084,z_bytes=27,msg_bytes=32,out_bits=512,start_cycle=260277,done_cycle=260584,cycles=307,throughput_mbps=83.387622
PERF,count=1085,z_bytes=28,msg_bytes=32,out_bits=512,start_cycle=260587,done_cycle=260894,cycles=307,throughput_mbps=83.387622
PERF,count=1086,z_bytes=29,msg_bytes=32,out_bits=512,start_cycle=260897,done_cycle=261204,cycles=307,throughput_mbps=83.387622
PERF,count=1087,z_bytes=30,msg_bytes=32,out_bits=512,start_cycle=261207,done_cycle=261514,cycles=307,throughput_mbps=83.387622
PERF,count=1088,z_bytes=31,msg_bytes=32,out_bits=512,start_cycle=261517,done_cycle=261824,cycles=307,throughput_mbps=83.387622
PERF,count=1089,z_bytes=32,msg_bytes=32,out_bits=512,start_cycle=261827,done_cycle=262152,cycles=325,throughput_mbps=78.769231
Completed 1089 ASCON-CXOF128 KAT vectors.
Total errors: 0
PASS: complete ASCON-CXOF128 KAT sweep matched.
$finish called at time : 2621545 ns : File "C:/Users/Obada.K/project_1/project_1.srcs/sim_1/new/tb_ascon_cxof128_kat_sweep.v" Line 361
exit
INFO: [Common 17-206] Exiting xsim at Wed Sep  2 13:19:39 2026...
